log_id,log_text,ground_truth_regex
1,2025-03-07T11:37:22.109Z server52 DatabaseConnector [INFO]: Operation started for user 520,(?P<timestamp>\d{4}-\d{2}-\d{2}T\d{2}:\d{2}:\d{2}\.\d{3}Z)\s+(?P<host>s.*)\s+(?P<app>\S+)\s+\[(?P<severity>.*)\]\:\s+(?P<message>.*)
2,"02 21 2025 12:33:42 197.158.9.211 <SAU1:ALRT> 1 2023-08-30T16:33:46.846392+08:00 IL-LAB-RDF01 IL-LAB-RDF01 - - - LEEF:2.0|radiflow|isid|6.5.11.14|71|OS-WINDOWS DCERPC NCACN-IP-TCP srvsvc NetrPathCanonicalize overflow attempt|High|cat='Cyber' id=20 src=192.168.120.250 dst=192.168.120.234 pt=445 PtName=SMB SrcName=192.168.120.250 DstName=192.168.10.24 SrcMac=00:0C:19:FF:61:3F DstMac=00:21:31:10:33:CD SrcVendor=VMware, Inc. DstVendor=Hewlett Packard SrcType=Server DstType=Server",(?P<timestamp>\d{2} \d{2} \d{4} \d{2}:\d{2}:\d{2}) (?P<source_ip>\d+\.\d+\.\d+\.\d+) <(?P<alert_id>.*)> 1 (?P<event_time>.*)\s+(?P<hostname>\S+)\s+-\s+-\s+-\s+LEEF:2\.0\|(?P<product>.*)\|(?P<product_version>.*)\|(?P<module>.*)\|(?P<rule_id>\d+)\|(?P<title>.*)\|(?P<severity>.*)\|cat='(?P<category>.*)' id=(?P<alert_id_number>\d+) src=(?P<source_ip_2>\d+\.\d+\.\d+\.\d+) dst=(?P<destination_ip>\d+\.\d+\.\d+\.\d+) pt=(?P<port>\d+)\s+PtName=(?P<protocol_name>.*)\s+SrcName=(?P<source_ip_3>\d+\.\d+\.\d+\.\d+)\s+DstName=(?P<destination_ip_2>\S+)\s+SrcMac=(?P<source_mac_address>[\d:]+)\s+DstMac=(?P<destination_mac_address>[\d:]+)\s+SrcVendor=(?P<source_vendor>.*)\s+DstVendor=(?P<destination_vendor>.*)\s+SrcType=(?P<source_type>\S+)\s+DstType=(?P<destination_type>\S+)$
3,"17/06/09 20:10:40 INFO spark.SecurityManager: SecurityManager: authentication disabled; ui acls disabled; users with view permissions: Set(yarn, curi); users with modify permissions: Set(yarn, curi)",(?<timestamp>\d{2}\/\d{2}\/\d{2}\s+\d{2}:\d{2}:\d{2})\s+(?<log_level>\S+)\s+(?<hostname>\S+):\s+(?P<component>\S+):\s+(?P<message>.*)
4,"2015-10-18 18:01:53,869 INFO [AsyncDispatcher event handler] org.apache.hadoop.mapreduce.v2.app.job.impl.TaskImpl: task_1445144423722_0020_m_000001 Task Transitioned from NEW to SCHEDULED","(?<timestamp>\d{4}-\d{2}-\d{2}\s+\d{2}:\d{2}:\d{2},\d{3})\s+(?<log_level>.*?)\s+\[(?<thread>.*?)\]\s+(?<class>org\.apache\.hadoop\.mapreduce\.v2\.app\.job\.impl\.TaskImpl):\s+(?<task_id>task_\d+_\d+_\w+_\d+)\s+(?<message>.*)"
5,[10.30 17:10:37] chrome.exe - proxy.cse.cuhk.edu.hk:5070 open through proxy proxy.cse.cuhk.edu.hk:5070 HTTPS,(?P<timestamp>\[\d{2}\.\d{2} \d{2}:\d{2}:\d{2}\])\s+(?P<application>[\w\.]+)\s+-\s+(?P<proxy>[\w\.\-]+:\d+)\s+(?P<message>.*)\s+(?P<protocol_type>[A-Z]+)
6,17/06/09 20:10:41 INFO util.Utils: Successfully started service 'sparkExecutorActorSystem' on port 55904.,(?P<timestamp>\d{2}\/\d{2}\/\d{2} \d{2}:\d{2}:\d{2})\s+(?P<loglevel>[A-Z]+)\s+(?P<module>[\w\.]+):\s+(?P<message>.*)
7,- 1117989508 2005.06.05 R36-M0-NA-C:J17-U01 2005-06-05-09.38.28.957918 R36-M0-NA-C:J17-U01 RAS KERNEL INFO generating core.1172,-\s+(?P<timestamp>\d{10})\s+(?P<date>\d{4}\.\d{2}\.\d{2})\s+(?P<hostname>.*?)\s+(?P<logtime>\d{4}-\d{2}-\d{2}-\d{2}\.\d{2}\.\d{2}\.\d{6})\s+.*?\s+(?P<logtype>[A-Z]+)\s+(?P<subsystem>[A-Z]+)\s+(?P<severity>[A-Z]+)\s+(?P<message>.*)
8,Dec 10 07:07:38 LabSZ sshd[24206]: pam_unix(sshd:auth): check pass; user unknown,"(?P<timestamp>\w{3}\s+\d{1,2}\s+\d{2}:\d{2}:\d{2})\s+(?P<hostname>[\w\-]+)\s+sshd\[(?P<pid>\d+)\]:\s+(?P<message>.*)"
9,<Event xmlns='http://schemas.microsoft.com/win/2004/08/events/event'><System><Provider Name='Microsoft-Windows-SystemDataArchiver' Guid='{4389f802-0c4f-56d0-63c6-d77db206d237}'/><EventID>2050</EventID><Version>0</Version><Level>4</Level><Task>0</Task><Opcode>0</Opcode><Keywords>0x8000000000000000</Keywords><TimeCreated SystemTime='2025-03-12T07:17:35.258212200Z'/><EventRecordID>8361459</EventRecordID><Correlation ActivityID='{3debc1ad-5b8d-48c4-ae2c-29e8968f650e}'/><Execution ProcessID='4000' ThreadID='2692'/><Channel>Microsoft-Windows-SystemDataArchiver/Diagnostic</Channel><Computer>KELWIN2019TEST2</Computer><Security UserID='S-1-5-19'/></System><EventData><Data Name='LogString'>[counter_request::Run] Delivered values for request 0x100000000000002 (1 counters).</Data></EventData></Event>,.*?<System><Provider Name='(?P<provider>[^']+)' Guid='(?P<guid>[^']+)'\/><EventID>(?P<event_id>\d+)<\/EventID>.*?<Level>(?P<level>\d+)<\/Level><Task>(?P<task>\d+)<\/Task><Opcode>(?P<opcode>\d+)<\/Opcode><Keywords>(?P<keywords>[\d\w]+)<\/Keywords><TimeCreated SystemTime='(?P<timestamp>[^']+)'\/>.*?<EventRecordID>(?P<event_record_id>\d+)<\/EventRecordID><Correlation( ActivityID='{(?P<correlation_id>[\w\d\-]+)}')?\/>.*?<Execution ProcessID='(?P<process_id>\d+)' ThreadID='(?P<thread_id>\d+)'\/>.*?<Channel>(?P<channel>[^<]+)<\/Channel>.*?<Computer>(?P<computer>[^<]+)<\/Computer>.*?(<Security UserID='(?P<user_id>[^']+)'\/>).*<EventData>(?P<event>.*)<\/EventData><\/Event>
10,"<11>Feb  1 01:46:34 PA-VM 1,2025/02/01 01:46:34,,SYSTEM,syslog,2816,2025/02/01 01:46:34,,syslog-conn-status,,0,0,general,high,""Syslog connection failed to server['AF_INET.192.168.20.224:2516.']"",7409859196046341764,0x0,0,0,0,0,,PA-VM,0,0,2025-02-01T01:46:34.896+08:00","<(?P<priority>\d+)>(?P<timestamp>\w{3}\s+\d+\s+\d{2}:\d{2}:\d{2})\s+(?P<hostname>[\w\-.]+)\s+\d+,(?P<event_time>[\d\/:\s]+),(?P<serial>\d+)?,(?P<log_type>\w+),(?P<subtype>\w*),\d+,(?P<generated_time>[\d\/:\s]*),,(?P<event_name>[\w\-.]+)?,(?P<event_details>[^,]*),\d+,\d+,(?P<category>\w*),(?P<severity>\w*),\""(?P<message>[^\""]+)\"",(?P<session_id>\d+),(?P<flags>[\d\w,A]+),[\d,]+\s*(?P<device_name>[\w\-.]+),\d+,\d+,(?P<iso_timestamp>[\d\-\:T\.]+)(?<timezone>\+\d+:\d+)"
11,Mar  7 02:18:39 CLV010VLCBEDR01 systemd[375924]: Stopped target Sockets.,^(?P<timestamp>\S+\s+\S+\s+\S+)\s+(?P<hostname>.*)\s+(?P<process>\S+)\[(?P<pid>\d+)\]:\s+(?P<message>.*)
12,2024-05-09 16:24:24.687    +08:00    Citect (32 bit) (IOServer [Cluster1.IOServer]) (PID 5224) Startup 8.20,^(?P<timestamp>\S+\s+\S+)\s+(?P<timezone>\S+)\s+(?P<message>.*)
13,"2.142.156.198 - - [Mar 13 2025, 23:10:16] ""GET /search HTTP/1.1"" 400 8359 ""https://www.bing.com"" ""Mozilla/5.0 (Windows NT 10.0; Win64; x64) AppleWebKit/537.36 (KHTML, like Gecko) Chrome/91.0.4472.124 Safari/537.36""","(?P<ip>\d{1,3}\.\d{1,3}\.\d{1,3}\.\d{1,3}) - - \[(?P<timestamp>[A-Za-z]{3} \d{2} \d{4}, \d{2}:\d{2}:\d{2})\] ""(?P<method>\w+) (?P<path>[^""]+) (?P<protocol>[^""]+)"" (?P<status>\d{3}) (?P<size>\d+) ""(?P<referrer>[^""]*)"" ""(?P<user_agent>[^""]*)"""
14,17/06/09 20:10:41 INFO Remoting: Remoting started; listening on addresses :[akka.tcp://sparkExecutorActorSystem@mesos-slave-07:55904],(?P<timestamp>\d{2}\/\d{2}\/\d{2} \d{2}:\d{2}:\d{2})\s+(?P<loglevel>[A-Z]+)\s+(?P<module>[\w\.]+):\s+(?P<message>.*)
15,Dec 10 07:07:38 LabSZ sshd[24206]: input_userauth_request: invalid user test9 [preauth],"(?P<timestamp>\w{3}\s+\d{1,2}\s+\d{2}:\d{2}:\d{2})\s+(?P<hostname>[\w\-]+)\s+sshd\[(?P<pid>\d+)\]:\s+(?P<message>.*)"
16,Jun 15 02:04:59 combo sshd(pam_unix)[20893]: authentication failure; logname= uid=0 euid=0 tty=NODEVssh ruser= rhost=220-135-151-1.hinet-ip.hinet.net  user=root,"(?P<timestamp>\w+\s+\d{1,2}\s+\d{2}:\d{2}:\d{2})\s+(?P<hostname>\S+)\s+(?P<process>\w+)?(\((?P<service>[^)]+)\))?(\[(?P<pid>\d+)\])?:\s+(?P<message>.*)"
17,20171223-22:15:29:606|Step_LSC|30002312|onStandStepChanged 3579,(?P<date>\d{8})-(?P<time>\d{2}:\d{2}:\d{2}:\d+)\|(?P<module>[^|]+)\|(?P<code>\d+)\|\s*(?P<message>.*)
18,Feb 19 07:18:39 CLV010VLCBEDR01 systemd[375924]: Stopped target Default.,(?P<timestamp>\S+\s+\S+\s+\S+)\s+(?P<hostname>.*)\s+(?P<process>\S+)\[(?P<pid>\d+)\]:\s+(?P<message>.*)
19,"<12>Feb 28 00:06:30 CYberlab-ENT-PA-440 1,2025/02/28 00:06:30,021201155690,SYSTEM,general,2816,2025/02/28 00:06:30,,general,,0,0,general,medium,""Failed to check IoT content upgrade info due to Unknown error"",7444467286603257823,0x0,0,0,0,0,,CYberlab-ENT-PA-440,0,0,2025-02-28T00:06:30.194+08:00","<(?P<priority>\d+)>(?P<timestamp>\w{3}\s+\d{2}\s+\d{2}:\d{2}:\d{2})\s+(?P<hostname>[\w\-.]+)\s+\d+,(?P<event_time>[\d\/:\s]+),(?P<serial>\d+),(?P<log_type>\w+),(?P<subtype>\w*),\d+,(?P<generated_time>[\d\/:\s]*),,(?P<event_name>[\w\-.]+)?,(?P<event_details>[^,]*),\d+,\d+,(?P<category>\w*),(?P<severity>\w*),\""(?P<message>[^\""]+)\"",(?P<session_id>\d+),(?P<flags>[\d\w,]+),[\d,]+\s*(?P<device_name>[\w\-.]+),\d+,\d+,(?P<iso_timestamp>[\d\-\:T\.]+)(?<timezone>\+\d+:\d+)"
20,<Event xmlns='http://schemas.microsoft.com/win/2004/08/events/event'><System><Provider Name='Microsoft-Windows-SystemDataArchiver' Guid='{4389f802-0c4f-56d0-63c6-d77db206d237}'/><EventID>2050</EventID><Version>0</Version><Level>4</Level><Task>0</Task><Opcode>0</Opcode><Keywords>0x8000000000000000</Keywords><TimeCreated SystemTime='2025-03-12T07:16:35.251125300Z'/><EventRecordID>8361393</EventRecordID><Correlation ActivityID='{3debc1ad-5b8d-48c4-ae2c-29e8968f650e}'/><Execution ProcessID='4000' ThreadID='2692'/><Channel>Microsoft-Windows-SystemDataArchiver/Diagnostic</Channel><Computer>KELWIN2019TEST2</Computer><Security UserID='S-1-5-19'/></System><EventData><Data Name='LogString'>[counter_request::Run] Delivered values for request 0x100000000000002 (1 counters).</Data></EventData></Event>,.*?<System><Provider Name='(?P<provider>[^']+)' Guid='(?P<guid>[^']+)'\/><EventID>(?P<event_id>\d+)<\/EventID>.*?<Level>(?P<level>\d+)<\/Level><Task>(?P<task>\d+)<\/Task><Opcode>(?P<opcode>\d+)<\/Opcode><Keywords>(?P<keywords>[\d\w]+)<\/Keywords><TimeCreated SystemTime='(?P<timestamp>[^']+)'\/>.*?<EventRecordID>(?P<event_record_id>\d+)<\/EventRecordID><Correlation( ActivityID='{(?P<correlation_id>[\w\d\-]+)}')?\/>.*?<Execution ProcessID='(?P<process_id>\d+)' ThreadID='(?P<thread_id>\d+)'\/>.*?<Channel>(?P<channel>[^<]+)<\/Channel>.*?<Computer>(?P<computer>[^<]+)<\/Computer>.*?(<Security UserID='(?P<user_id>[^']+)'\/>).*<EventData>(?P<event>.*)<\/EventData><\/Event>
21,Mar 17 10:18:39 CLV010VLCBEDR01 systemd[375924]: Closed D-Bus User Message Bus Socket.,(?P<timestamp>\S+\s+\S+\s+\S+)\s+(?P<hostname>.*)\s+(?P<process>\S+)\[(?P<pid>\d+)\]:\s+(?P<message>.*)
22,"17/06/09 20:10:40 INFO executor.CoarseGrainedExecutorBackend: Registered signal handlers for [TERM, HUP, INT]",(?P<timestamp>\d{2}\/\d{2}\/\d{2} \d{2}:\d{2}:\d{2})\s+(?P<loglevel>[A-Z]+)\s+(?P<module>[\w\.]+):\s+(?P<message>.*)
23,<Event xmlns='http://schemas.microsoft.com/win/2004/08/events/event'><System><Provider Name='Microsoft-Windows-SystemDataArchiver' Guid='{4389f802-0c4f-56d0-63c6-d77db206d237}'/><EventID>2050</EventID><Version>0</Version><Level>4</Level><Task>0</Task><Opcode>0</Opcode><Keywords>0x8000000000000000</Keywords><TimeCreated SystemTime='2025-02-28T07:41:19.880782800Z'/><EventRecordID>7191981</EventRecordID><Correlation ActivityID='{3debc1ad-5b8d-48c4-ae2c-29e8968f650e}'/><Execution ProcessID='4000' ThreadID='2692'/><Channel>Microsoft-Windows-SystemDataArchiver/Diagnostic</Channel><Computer>KELWIN2019TEST2</Computer><Security UserID='S-1-5-19'/></System><EventData><Data Name='LogString'>[counter_request::Run] Delivered values for request 0x100000000000002 (1 counters).</Data></EventData></Event>,.*?<System><Provider Name='(?P<provider>[^']+)' Guid='(?P<guid>[^']+)'\/><EventID>(?P<event_id>\d+)<\/EventID>.*?<Level>(?P<level>\d+)<\/Level>.*?<TimeCreated SystemTime='(?P<timestamp>[^']+)'\/>.*?<EventRecordID>(?P<event_record_id>\d+)<\/EventRecordID>.*?Execution ProcessID='(?P<process_id>\d+)' ThreadID='(?P<thread_id>\d+)'\/>.*?<Channel>(?P<channel>[^<]+)<\/Channel>.*?<Computer>(?P<computer>[^<]+)<\/Computer>.*?(<Security UserID='(?P<user_id>[^']+)'\/>).*<EventData>(?P<event>.*)<\/EventData><\/Event>
24,"<14>Feb  1 00:28:59 PA-VM 1,2025/02/01 00:28:59,,SYSTEM,general,2816,2025/02/01 00:28:59,,general,,0,0,general,informational,""Connection to Update server: updates.paloaltonetworks.com completed successfully, initiated by 192.168.10.15"",7409859196046341743,0x0,0,0,0,0,,PA-VM,0,0,2025-02-01T00:28:59.938+08:00","<(?P<priority>\d+)>(?P<timestamp>\w{3}\s+\d+\s+\d{2}:\d{2}:\d{2})\s+(?P<hostname>[\w\-.]+)\s+\d+,(?P<event_time>[\d\/:\s]+),(?P<serial>\d+)?,(?P<log_type>\w+),(?P<subtype>\w*),\d+,(?P<generated_time>[\d\/:\s]*),,(?P<event_name>[\w\-.]+)?,(?P<event_details>[^,]*),\d+,\d+,(?P<category>\w*),(?P<severity>\w*),\""(?P<message>[^\""]+)\"",(?P<session_id>\d+),(?P<flags>[\d\w,A]+),[\d,]+\s*(?P<device_name>[\w\-.]+),\d+,\d+,(?P<iso_timestamp>[\d\-\:T\.]+)(?<timezone>\+\d+:\d+)"
25,Jun 16 07:03:22 combo sshd(pam_unix)[20896]: authentication failure; logname= uid=0 euid=0 tty=NODEVssh ruser= rhost=220-135-151-1.hinet-ip.hinet.net  user=root,"^(?P<timestamp>\w+\s+\d{1,2}\s+\d{2}:\d{2}:\d{2})\s+(?P<hostname>\S+)\s+(?P<process>\w+)?(\((?P<service>[^)]+)\))?(\[(?P<pid>\d+)\])?:\s+(?P<message>.*)"
26,Dec 10 07:08:28 LabSZ sshd[24208]: reverse mapping checking getaddrinfo for ns.marryaldkfaczcz.com [173.234.31.186] failed - POSSIBLE BREAK-IN ATTEMPT!,"(?P<timestamp>\w{3}\s+\d{1,2}\s+\d{2}:\d{2}:\d{2})\s+(?P<hostname>[\w\-]+)\s+sshd\[(?P<pid>\d+)\]:\s+(?P<message>.*)"
27,"<Event xmlns='http://schemas.microsoft.com/win/2004/08/events/event'><System><Provider Name='Microsoft-Windows-SystemDataArchiver' Guid='{4389f802-0c4f-56d0-63c6-d77db206d237}'/><EventID>2050</EventID><Version>0</Version><Level>4</Level><Task>0</Task><Opcode>0</Opcode><Keywords>0x8000000000000000</Keywords><TimeCreated SystemTime='2025-01-31T16:00:00.013931800Z'/><EventRecordID>14067140</EventRecordID><Correlation ActivityID='{3ddf0711-cf56-4c5c-a8f6-2e41b7cb644e}'/><Execution ProcessID='2084' ThreadID='4240'/><Channel>Microsoft-Windows-SystemDataArchiver/Diagnostic</Channel><Computer>CLV040VWKIWI001.stecyberlab.local</Computer><Security UserID='S-1-5-19'/></System><EventData><Data Name='LogString'>[Config] Failed to read configuration from registry, result 5. Using default values</Data></EventData></Event>",.*?<System><Provider Name='(?P<provider>[^']+)' Guid='(?P<guid>[^']+)'\/><EventID>(?P<event_id>\d+)<\/EventID>.*?<Level>(?P<level>\d+)<\/Level>.*?<TimeCreated SystemTime='(?P<timestamp>[^']+)'\/>.*?<EventRecordID>(?P<event_record_id>\d+)<\/EventRecordID>.*?Execution ProcessID='(?P<process_id>\d+)' ThreadID='(?P<thread_id>\d+)'\/>.*?<Channel>(?P<channel>[^<]+)<\/Channel>.*?<Computer>(?P<computer>[^<]+)<\/Computer>.*?(<Security UserID='(?P<user_id>[^']+)'\/>).*<EventData>(?P<event>.*)<\/EventData><\/Event>
28,2024-05-09 16:24:24.435    +08:00    [TRACE]    [CORE       ]    [0x1130]    [IOServer        ]    [(GLOBAL)        ]    [InitChannel()                                     ]    [plc_drv.cpp                   ]    [1272]    Channel PORT2_BOARD1 is Online,(?P<timestamp>\S+\s+\S+)\s+(?P<timezone>\S+)\s+\[(?P<log_level>\w+)\]\s+\[(?P<component>\w+)\s+\]\s+\[(?P<thread_id>0x[\da-fA-F]+)\]\s+\[(?P<module>\w+)\s+\]\s+\[\((?P<context>\w*)\)\s+\]\s+\[(?P<function>\w+\(\))\s+\]\s+\[(?P<source_file>[\w\.\w]+)\s+\]\s+\[(?P<line_no>\d+)\]\s+(?P<message>.*)
29,"2015-07-29 17:41:44,747 - INFO  [QuorumPeer[myid=1]/0:0:0:0:0:0:0:0:2181:FastLeaderElection@774] - Notification time out: 3200","(?P<timestamp>\d{4}-\d{2}-\d{2}\s+\d{2}:\d{2}:\d{2},\d{3})\s+-\s+(?P<loglevel>[A-Z]+)\s+\[(?P<process>QuorumPeer\[myid=(?P<myid>\d+)\]\/(?P<ipv6>[\d:a-fA-F]+):(?P<class>\w+@\d+))\] - (?P<message>.*)"
30,"2024-05-09 16:24:24.641    +08:00    Licensing::LicenseProtection:ProtInit, licRunMode: 0x23eb",(?P<timestamp>\S+\s+\S+)\s+(?P<timezone>\S+)\s+(?P<message>.*)
31,Feb  5 00:18:29 CLV010VLCBEDR01 systemd[1]: session-13536.scope: Succeeded.,(?P<timestamp>\S+\s+\S+\s+\S+)\s+(?P<hostname>.*)\s+(?P<process>\S+)\[(?P<pid>\d+)\]:\s+(?P<message>.*)
32,08 30 2023 16:33:46 192.168.8.171 <SAU1:ERRR> 1 2023-08-30T16:33:46.865334+08:00 IL-LAB-RDF01 IL-LAB-RDF01 - - - LEEF:2.0|radiflow|isid|6.5.11.14|6|Device became inactive|Medium|cat='Device' id=21 dvc=192.168.10.34 SrcName=192.168.10.34 SrcMac=00:24:81:20:54:CD SrcVendor=Hewlett Packard SrcType=Server,.*?<(?P<process>[^:]+):(?P<level>\w+)>\s+\d\s+(?P<iso_timestamp>[\d\-T:+\.]+)\s+(?P<hostname>\S+)\s+\S+[\-\s]+(LEEF:2.0|CEF:0)\|radiflow\|isid\|(?P<version>[^\|]+)\|(?P<vmid>\d+)\|(?P<threatname>[^\|]+)\|(?P<severity>\w+)\|cat='(?P<category>\w+)'\s*id=(?P<id>\d+)\s*dvc=(?P<dvc>\S+)\s*SrcName=(?P<srcname>\S+)\s*SrcMac=(?P<srcmac>\S+)\s*SrcVendor=(?P<srcvendor>.*?)\s*SrcType=(?P<srctype>\S+)
33,[10.30 17:14:20] Dropbox.exe - proxy.cse.cuhk.edu.hk:5070 open through proxy proxy.cse.cuhk.edu.hk:5070 HTTPS,(?P<timestamp>\[\d{2}\.\d{2} \d{2}:\d{2}:\d{2}\])\s+(?P<application>[\w\.]+)\s+-\s+(?P<proxy>[\w\.\-]+:\d+)\s+(?P<action>[a-zA-Z]+) through proxy (?P<proxy2>[\w\.\-]+:\d+)\s+(?P<protocol>\w+)$
34,Dec 10 07:07:45 LabSZ sshd[24206]: Failed password for invalid user test9 from 52.80.34.196 port 36060 ssh2,"(?P<timestamp>\w{3}\s+\d{1,2}\s+\d{2}:\d{2}:\d{2})\s+(?P<hostname>[\w\-]+)\s+sshd\[(?P<pid>\d+)\]:\s+(?P<message>.*)"
35,- 1131566461 2005.11.09 dn228 Nov 9 12:01:01 dn228/dn228 crond(pam_unix)[2915]: session closed for user root,"-\s+(?P<timestamp>\d{10})\s+(?P<date>\d{4}\.\d{2}\.\d{2})\s+(?P<hostname>#?\S+#?)\s+(?P<logtime>[A-Za-z]{3}\s+\d{1,2}\s+\d{2}:\d{2}:\d{2})\s+(?P<source>#?\S+#?\/#?\S+#?)\s+(?P<process>[\w\(\)\[\]\.]+):\s+(?P<message>.*)"
36,Jan 27 12:38:01 CLV010VLCBEDR01 CROND[375934]: (cb) CMD (/usr/share/cb/virtualenv/bin/python -m cb.maintenance.job_runner --max-startup-delay 1 -s alliance_community_participation /etc/cb/cb.conf --ticevents >> /var/log/cb/job-runner/startup.out 2>&1),(?P<timestamp>\S+\s+\S+\s+\S+)\s+(?P<hostname>.*)\s+(?P<process>\S+)\[(?P<pid>\d+)\]:\s+(?P<message>.*)
37,17/06/09 20:10:41 INFO slf4j.Slf4jLogger: Slf4jLogger started,(?P<timestamp>\d{2}\/\d{2}\/\d{2} \d{2}:\d{2}:\d{2})\s+(?P<loglevel>[A-Z]+)\s+(?P<module>[\w\.]+):\s+(?P<message>.*)
38,"[10.30 17:11:17] WeChat.exe - proxy.cse.cuhk.edu.hk:5070 close, 451 bytes sent, 353 bytes received, lifetime <1 sec","(?P<timestamp>\[\d{2}\.\d{2} \d{2}:\d{2}:\d{2}\])\s+(?P<application>[\w\.]+)\s+-\s+(?P<proxy>[\w\.\-]+:\d+)\s+(?P<action>[a-zA-Z]+),\s+(?P<sent_bytes>\d+)\s+bytes\s+(\(.*\)\s+)?sent,\s+(?P<received_bytes>\d+)\s+bytes\s+(\(.*\)\s+)?received,\s+lifetime\s+(?P<lifetime>.*)$"
39,2024-05-09 16:24:24.435    +08:00    [TRACE]    [CORE       ]    [0x1130]    [IOServer        ]    [(GLOBAL)        ]    [InitDrivers()                                     ]    [drv_init.cpp                  ]    [2005]      MaxPending=255 Block=255 Retry=0 Delay=0 Timeout=3000 PollTime=1000 WatchTime=15000,(?P<timestamp>\S+\s+\S+)\s+(?P<timezone>\S+)\s+\[(?P<log_level>\w+)\]\s+\[(?P<component>\w+)\s+\]\s+\[(?P<thread_id>0x[\da-fA-F]+)\]\s+\[(?P<module>\w+)\s+\]\s+\[\((?P<context>\w*)\)\s+\]\s+\[(?P<function>\w+\(\))\s+\]\s+\[(?P<source_file>[\w\.\w]+)\s+\]\s+\[(?P<line_no>\d+)\]\s+(?P<message>.*)
40,"217.50.57.73 - - [Mar 13 2025, 10:41:29] ""DELETE /blog?sort=price_desc&page=2 HTTP/1.1"" 500 1126 ""-"" ""Mozilla/5.0 (Windows NT 10.0; Win64; x64) AppleWebKit/537.36 (KHTML, like Gecko) Chrome/91.0.4472.124 Safari/537.36""","(?P<ip>\d{1,3}\.\d{1,3}\.\d{1,3}\.\d{1,3}) - - \[(?P<timestamp>[A-Za-z]{3} \d{2} \d{4}, \d{2}:\d{2}:\d{2})\] ""(?P<method>\w+) (?P<path>[^""]+) (?P<protocol>[^""]+)"" (?P<status>\d{3}) (?P<size>\d+) ""(?P<referrer>[^""]*)"" ""(?P<user_agent>[^""]*)"""
41,2025-03-07T20:22:19.897Z server52 AuthController [ERROR]: Operation failed for user 166,(?P<timestamp>\d{4}-\d{2}-\d{2}T\d{2}:\d{2}:\d{2}\.\d{3}Z) (?P<hostname>\S+) (?P<service>\S+) \[(?P<level>[A-Z]+)\]: (?P<message>.*)
42,"<11>Feb 28 02:48:52 CYberlab-ENT-PA-440 1,2025/02/28 02:48:52,021201155690,SYSTEM,syslog,2816,2025/02/28 02:48:52,,syslog-conn-status,,0,0,general,high,""Syslog connection failed to server['AF_INET.192.168.20.224:2516.']"",7444467286603257908,0x0,0,0,0,0,,CYberlab-ENT-PA-440,0,0,2025-02-28T02:48:52.970+08:00","<(?P<priority>\d+)>(?P<timestamp>\w{3}\s+\d+\s+\d{2}:\d{2}:\d{2})\s+(?P<hostname>[\w\-.]+)\s+\d+,(?P<event_time>[\d\/:\s]+),(?P<serial>\d+)?,(?P<log_type>\w+),(?P<subtype>\w*),\d+,(?P<generated_time>[\d\/:\s]*),,(?P<event_name>[\w\-.]+)?,(?P<event_details>[^,]*),\d+,\d+,(?P<category>\w*),(?P<severity>\w*),\""(?P<message>[^\""]+)\"",(?P<session_id>\d+),(?P<flags>[\d\w,A]+),[\d,]+\s*(?P<device_name>[\w\-.]+),\d+,\d+,(?P<iso_timestamp>[\d\-\:T\.]+)(?<timezone>\+\d+:\d+)"
43,2024-05-09 16:24:24.507    +08:00    [TRACE]    [CORE       ]    [0x1130]    [IOServer        ]    [(GLOBAL)        ]    [InitUnit()                                        ]    [plc_drv.cpp                   ]    [1063]    Unit 'Kepware.KEPServerEX.V6' Port PORT2_BOARD1 is Online,(?P<timestamp>\S+\s+\S+)\s+(?P<timezone>\S+)\s+\[(?P<log_level>\w+)\]\s+\[(?P<component>\w+)\s+\]\s+\[(?P<thread_id>0x[\da-fA-F]+)\]\s+\[(?P<module>\w+)\s+\]\s+\[\((?P<context>\w*)\)\s+\]\s+\[(?P<function>\w+\(\))\s+\]\s+\[(?P<source_file>[\w\.\w]+)\s+\]\s+\[(?P<line_no>\d+)\]\s+(?P<message>.*)
44,"2015-10-18 18:01:53,869 INFO [AsyncDispatcher event handler] org.apache.hadoop.mapreduce.v2.app.job.impl.TaskImpl: task_1445144423722_0020_m_000002 Task Transitioned from NEW to SCHEDULED","(?P<timestamp>\d{4}-\d{1,2}-\d{1,2}\s+\d{2}:\d{2}:\d{2},\d+)\s(?P<severity>[A-Z]+)\s\[(?P<thread>.*?)\]\s(?P<class>[\w\.]+):\s(?P<message>.*)"
45,"17/06/09 20:10:41 INFO spark.SecurityManager: Changing modify acls to: yarn,curi",(?P<timestamp>\d{2}\/\d{2}\/\d{2} \d{2}:\d{2}:\d{2})\s+(?P<loglevel>[A-Z]+)\s+(?P<module>[\w\.]+):\s+(?P<message>.*)
46,<Event xmlns='http://schemas.microsoft.com/win/2004/08/events/event'><System><Provider Name='Microsoft-Windows-SystemDataArchiver' Guid='{4389f802-0c4f-56d0-63c6-d77db206d237}'/><EventID>2050</EventID><Version>0</Version><Level>4</Level><Task>0</Task><Opcode>0</Opcode><Keywords>0x8000000000000000</Keywords><TimeCreated SystemTime='2025-02-28T07:41:19.880782800Z'/><EventRecordID>7191981</EventRecordID><Correlation ActivityID='{3debc1ad-5b8d-48c4-ae2c-29e8968f650e}'/><Execution ProcessID='4000' ThreadID='2692'/><Channel>Microsoft-Windows-SystemDataArchiver/Diagnostic</Channel><Computer>KELWIN2019TEST2</Computer><Security UserID='S-1-5-19'/></System><EventData><Data Name='LogString'>[counter_request::Run] Delivered values for request 0x100000000000002 (1 counters).</Data></EventData></Event>,.*?<System><Provider Name='(?P<provider>[^']+)' Guid='(?P<guid>[^']+)'\/><EventID>(?P<event_id>\d+)<\/EventID>.*?<Level>(?P<level>\d+)<\/Level>.*?<TimeCreated SystemTime='(?P<timestamp>[^']+)'\/>.*?<EventRecordID>(?P<event_record_id>\d+)<\/EventRecordID>.*?Execution ProcessID='(?P<process_id>\d+)' ThreadID='(?P<thread_id>\d+)'\/>.*?<Channel>(?P<channel>[^<]+)<\/Channel>.*?<Computer>(?P<computer>[^<]+)<\/Computer>.*?(<Security UserID='(?P<user_id>[^']+)'\/>).*<EventData>(?P<event>.*)<\/EventData><\/Event>
47,Jun 01 01:01:09 combo sshd(pam_unix)[20892]: authentication failure; logname= uid=0 euid=0 tty=NODEVssh ruser= rhost=220-135-151-1.hinet-ip.hinet.net  user=root,"(?P<timestamp>\w+\s+\d{1,2}\s+\d{2}:\d{2}:\d{2})\s+(?P<hostname>\S+)\s+(?P<process>\w+)?(\((?P<service>[^)]+)\))?(\[(?P<pid>\d+)\])?:\s+(?P<message>.*)"
48,081109 204324 34 INFO dfs.FSNamesystem: BLOCK* NameSystem.addStoredBlock: blockMap updated: 10.251.203.80:50010 is added to blk_7888946331804732825 size 67108864,(?P<timestamp>\d+\s+\d+)\s+(?P<pid>\d+)\s+(?P<log_level>\w+)\s+(?P<module>[\w.$]+):\s+(?P<message>.*)$
49,Feb 27 00:18:01 CLV010VLCBEDR01 systemd[375924]: pam_unix(systemd-user:session): session opened for user cb by (uid=0),(?P<timestamp>\S+\s+\S+\s+\S+)\s+(?P<hostname>.*)\s+(?P<process>\S+)\[(?P<pid>\d+)\]:\s+(?P<message>.*)
50,Sep 05 14:26:18 combo su(pam_unix)[21416]: session opened for user cyrus by (uid=0),"(?P<timestamp>\w+\s+\d{1,2}\s+\d{2}:\d{2}:\d{2})\s+(?P<hostname>\S+)\s+(?P<process>\w+)?(\((?P<service>[^)]+)\))?(\[(?P<pid>\d+)\])?:\s+(?P<message>.*)"
51,2024-05-09 16:24:24.286    +08:00    Protection: Using provider DLL C:\Program Files (x86)\AVEVA\Citect SCADA 2018 R2\Bin\SentinelProvider.dll,(?P<timestamp>\S+\s+\S+)\s+(?P<timezone>\S+)\s+(?P<message>.*)
52,Sep 10 13:23:39 combo sshd(pam_unix)[20898]: authentication failure; logname= uid=0 euid=0 tty=NODEVssh ruser= rhost=220-135-151-1.hinet-ip.hinet.net  user=root,"(?P<timestamp>\w+\s+\d{1,2}\s+\d{2}:\d{2}:\d{2})\s+(?P<hostname>\S+)\s+(?P<process>\w+)?(\((?P<service>[^)]+)\))?(\[(?P<pid>\d+)\])?:\s+(?P<message>.*)"
53,"2024-05-03 15:44:43.726 +08:00 TranWrite(3, 140): Name=Cluster1Alarm, State != TRAN_STATE_ONLINE, state=5","(?P<timestamp>\d{4}-\d{2}-\d{2} \d{2}:\d{2}:\d{2}\.\d+)\s+(?P<timezone>[+-]\d{2}:\d{2})\s+(?P<process>\w+)\((?P<pid>\d+),\s*(?P<thread_id>\d+)\): (?P<message>.*)$"
54,"<14>Feb 28 01:10:41 CYberlab-ENT-PA-440 1,2025/02/28 01:10:40,021201155690,SYSTEM,vpn,2816,2025/02/28 01:10:40,,ike-send-p2-delete,vyos-pa-tunnel,0,0,general,informational,""IKE protocol IPSec SA delete message sent to peer. SPI:0x927678BB."",7444467286603257863,0x0,0,0,0,0,,CYberlab-ENT-PA-440,0,0,2025-02-28T01:10:41.001+08:00","<(?P<priority>\d+)>(?P<timestamp>\w{3}\s+\d{2}\s+\d{2}:\d{2}:\d{2})\s+(?P<hostname>[\w\-.]+)\s+\d+,(?P<event_time>[\d\/:\s]+),(?P<serial>\d+),(?P<log_type>\w+),(?P<subtype>\w*),\d+,(?P<generated_time>[\d\/:\s]*),,(?P<event_name>[\w\-.]+)?,(?P<event_details>[^,]*),\d+,\d+,(?P<category>\w*),(?P<severity>\w*),\""(?P<message>[^\""]+)\"",(?P<session_id>\d+),(?P<flags>[\d\w,]+),[\d,]+\s*(?P<device_name>[\w\-.]+),\d+,\d+,(?P<iso_timestamp>[\d\-\:T\.]+)(?<timezone>\+\d+:\d+)"
55,<Event xmlns='http://schemas.microsoft.com/win/2004/08/events/event'><System><Provider Name='Microsoft-Windows-SystemDataArchiver' Guid='{4389f802-0c4f-56d0-63c6-d77db206d237}'/><EventID>2050</EventID><Version>0</Version><Level>4</Level><Task>0</Task><Opcode>0</Opcode><Keywords>0x8000000000000000</Keywords><TimeCreated SystemTime='2025-02-28T07:41:19.880782800Z'/><EventRecordID>7191981</EventRecordID><Correlation ActivityID='{3debc1ad-5b8d-48c4-ae2c-29e8968f650e}'/><Execution ProcessID='4000' ThreadID='2692'/><Channel>Microsoft-Windows-SystemDataArchiver/Diagnostic</Channel><Computer>KELWIN2019TEST2</Computer><Security UserID='S-1-5-19'/></System><EventData><Data Name='LogString'>[counter_request::Run] Delivered values for request 0x100000000000002 (1 counters).</Data></EventData></Event>,.*?<System><Provider Name='(?P<provider>[^']+)' Guid='(?P<guid>[^']+)'\/><EventID>(?P<event_id>\d+)<\/EventID>.*?<Level>(?P<level>\d+)<\/Level>.*?<TimeCreated SystemTime='(?P<timestamp>[^']+)'\/>.*?<EventRecordID>(?P<event_record_id>\d+)<\/EventRecordID>.*?Execution ProcessID='(?P<process_id>\d+)' ThreadID='(?P<thread_id>\d+)'\/>.*?<Channel>(?P<channel>[^<]+)<\/Channel>.*?<Computer>(?P<computer>[^<]+)<\/Computer>.*?(<Security UserID='(?P<user_id>[^']+)'\/>).*<EventData>(?P<event>.*)<\/EventData><\/Event>
56,"2015-10-18 18:01:53,869 INFO [AsyncDispatcher event handler] org.apache.hadoop.yarn.util.RackResolver: Resolved MSRA-SA-41.fareast.corp.microsoft.com to /default-rack","(?P<timestamp>\d{4}-\d{1,2}-\d{1,2}\s+\d{2}:\d{2}:\d{2},\d+)\s(?P<severity>[A-Z]+)\s\[(?P<thread>.*?)\]\s(?P<class>[\w\.]+):\s(?P<message>.*)"
57,"[10.30 17:11:43] SogouCloud.exe - get.sogou.com:80 close, 859 bytes sent, 316 bytes received, lifetime <1 sec","(?P<timestamp>\[\d{2}\.\d{2} \d{2}:\d{2}:\d{2}\])\s+(?P<application>[\w\.]+)\s+-\s+(?P<proxy>[\w\.\-]+:\d+)\s+(?P<action>[a-zA-Z]+)(?:,\s+(?P<sent_bytes>\d+)\s+bytes\s+(\(.*\)\s+)?sent,\s+(?P<received_bytes>\d+)\s+bytes\s+(\(.*\)\s+)?received,\s+lifetime\s+(?P<lifetime>.*))?$"
58,Jul  1 09:00:56 authorMacBook-Pro cdpd[11807]: Saw change in network reachability (isReachable=0),"(?P<month>\w{3})\s+(?P<day>\d{1,2})\s+(?P<time>\d{2}:\d{2}:\d{2})\s+(?P<hostname>[\w\-]+)\s+(?P<process>[\w\[\]0-9]+):\s+(?P<message>.*)"
59,"17/06/09 20:10:41 INFO spark.SecurityManager: Changing view acls to: yarn,curi",(?P<timestamp>\d{2}\/\d{2}\/\d{2} \d{2}:\d{2}:\d{2})\s+(?P<loglevel>[A-Z]+)\s+(?P<module>[\w\.]+):\s+(?P<message>.*)
60,"2015-10-18 18:01:53,869 INFO [AsyncDispatcher event handler] org.apache.hadoop.yarn.util.RackResolver: Resolved MSRA-SA-39.fareast.corp.microsoft.com to /default-rack","(?P<timestamp>\d{4}-\d{1,2}-\d{1,2}\s+\d{2}:\d{2}:\d{2},\d+)\s(?P<severity>[A-Z]+)\s\[(?P<thread>.*?)\]\s(?P<class>[\w\.]+):\s(?P<message>.*)"
61,Feb 12 11:18:39 CLV010VLCBEDR01 systemd[1]: Stopping User Manager for UID 992,(?P<timestamp>\S+\s+\S+\s+\S+)\s+(?P<hostname>.*)\s+(?P<process>\S+)\[(?P<pid>\d+)\]:\s+(?P<message>.*)
62,081109 203615 148 INFO dfs.DataNode$PacketResponder: PacketResponder 1 for block blk_38865049064139660 terminating,(?P<date>\d{6})\s+(?P<time>\d{6})\s+(?P<pid>\d+)\s+(?P<log_level>\w+)\s+(?P<module>[\w.$]+):\s+(?P<message>.*)$
63,Dec 10 07:07:45 LabSZ sshd[24206]: Received disconnect from 52.80.34.196: 11: Bye Bye [preauth],"(?P<timestamp>\w{3}\s+\d{1,2}\s+\d{2}:\d{2}:\d{2})\s+(?P<hostname>[\w\-]+)\s+sshd\[(?P<pid>\d+)\]:\s+(?P<message>.*)"
64,"<11>Feb 28 00:03:52 CYberlab-ENT-PA-440 1,2025/02/28 00:03:52,021201155690,SYSTEM,syslog,2816,2025/02/28 00:03:52,,syslog-conn-status,,0,0,general,high,""Syslog connection failed to server['AF_INET.192.168.20.224:2516.']"",7444467286603257821,0x0,0,0,0,0,,CYberlab-ENT-PA-440,0,0,2025-02-28T00:03:52.858+08:00","<(?P<priority>\d+)>(?P<timestamp>\w{3}\s+\d{2}\s+\d{2}:\d{2}:\d{2})\s+(?P<hostname>[\w\-.]+)\s+\d+,(?P<event_time>[\d\/:\s]+),(?P<serial>\d+),(?P<log_type>\w+),(?P<subtype>\w*),\d+,(?P<generated_time>[\d\/:\s]*),,(?P<event_name>[\w\-.]+)?,(?P<event_details>[^,]*),\d+,\d+,(?P<category>\w*),(?P<severity>\w*),\""(?P<message>[^\""]+)\"",(?P<session_id>\d+),0x(?P<flags>[0-9a-fA-F]+),[\d,]+\s*(?P<device_name>[\w\-.]+),\d+,\d+,(?P<iso_timestamp>[\d\-\:T\.]+)(?<timezone>\+\d+:\d+)"
65,"2015-07-29 19:22:46,680 - WARN  [SendWorker:188978561024:QuorumCnxManager$SendWorker@679] - Interrupted while waiting for message on queue","(?P<timestamp>\d{4}-\d{2}-\d{2}\s+\d{2}:\d{2}:\d{2},\d{3})\s+-\s+(?P<loglevel>[A-Z]+)\s+\[(?P<process>(SendWorker:|RecvWorker:)(?P<worker_no>\d+):QuorumCnxManager\$(SendWorker@|RecvWorker@)(?P<manager_no>\d+))\]\s+-\s+(?P<message>.*)"
66,"nova-api.log.1.2017-05-16_13:53:08 2017-05-16 00:00:00.008 25746 INFO nova.osapi_compute.wsgi.server [req-38101a0b-2096-447d-96ea-a692162415ae 113d3a99c3da401fbd62cc2caa5b96d2 54fadb412c4e40cdbaed9335e4c35a9e - - -] 10.11.10.1 ""GET /v2/54fadb412c4e40cdbaed9335e4c35a9e/servers/detail HTTP/1.1"" status: 200 len: 1893 time: 0.2477829",(?P<logfile>nova-(api|compute)\.log\.\d+\.\d{4}-\d{2}-\d{2}_\d{2}:\d{2}:\d{2})\s+(?P<timestamp>\d{4}-\d{2}-\d{2}\s+\d{2}:\d{2}:\d{2}\.\d{3})\s+(?P<pid>\d+)\s+(?P<loglevel>[A-Z]+)\s+(?P<module>[\w\.]+)\s+\[(?P<request_id>[^\]]+)\]\s+(?P<message>.*)
67,17/06/09 20:10:41 INFO Remoting: Starting remoting,(?P<timestamp>\d{2}\/\d{2}\/\d{2} \d{2}:\d{2}:\d{2})\s+(?P<loglevel>[A-Z]+)\s+(?P<module>[\w\.]+):\s+(?P<message>.*)
68,<Event xmlns='http://schemas.microsoft.com/win/2004/08/events/event'><System><Provider Name='Microsoft-Windows-SystemDataArchiver' Guid='{4389f802-0c4f-56d0-63c6-d77db206d237}'/><EventID>2050</EventID><Version>0</Version><Level>4</Level><Task>0</Task><Opcode>0</Opcode><Keywords>0x8000000000000000</Keywords><TimeCreated SystemTime='2025-02-28T07:41:19.880782800Z'/><EventRecordID>7191981</EventRecordID><Correlation ActivityID='{3debc1ad-5b8d-48c4-ae2c-29e8968f650e}'/><Execution ProcessID='4000' ThreadID='2692'/><Channel>Microsoft-Windows-SystemDataArchiver/Diagnostic</Channel><Computer>KELWIN2019TEST2</Computer><Security UserID='S-1-5-19'/></System><EventData><Data Name='LogString'>[counter_request::Run] Delivered values for request 0x100000000000002 (1 counters).</Data></EventData></Event>,.*?<System><Provider Name='(?P<provider>[^']+)' Guid='(?P<guid>[^']+)'\/><EventID>(?P<event_id>\d+)<\/EventID>.*?<Level>(?P<level>\d+)<\/Level>.*?<TimeCreated SystemTime='(?P<timestamp>[^']+)'\/>.*?<EventRecordID>(?P<event_record_id>\d+)<\/EventRecordID>.*?Execution ProcessID='(?P<process_id>\d+)' ThreadID='(?P<thread_id>\d+)'\/>.*?<Channel>(?P<channel>[^<]+)<\/Channel>.*?<Computer>(?P<computer>[^<]+)<\/Computer>.*?(<Security UserID='(?P<user_id>[^']+)'\/>).*<EventData>(?P<event>.*)<\/EventData><\/Event>
69,081109 204525 512 INFO dfs.DataNode$PacketResponder: PacketResponder 2 for block blk_572492839287299681 terminating,(?P<timestamp>\d+\s+\d+)\s+(?P<pid>\d+)\s+(?P<log_level>\w+)\s+(?P<module>[\w.$]+):\s+(?P<message>.*)$
70,[Sun Dec 04 04:51:14 2005] [notice] workerEnv.init() ok /etc/httpd/conf/workers2.properties,\[(?P<timestamp>\w+\s+\w+\s+\d+\s+\d{2}:\d{2}:\d{2}\s+\d{4})\]\s+\[(?P<log_level>\w+)\]\s+(?P<message>.*)$
71,Dec 10 07:07:38 LabSZ sshd[24206]: pam_unix(sshd:auth): authentication failure; logname= uid=0 euid=0 tty=ssh ruser= rhost=ec2-52-80-34-196.cn-north-1.compute.amazonaws.com.cn ,"(?P<timestamp>\w{3}\s+\d{1,2}\s+\d{2}:\d{2}:\d{2})\s+(?P<hostname>[\w\-]+)\s+sshd\[(?P<pid>\d+)\]:\s+(?P<message>.*)"
72,Mar 28 12:18:39 CLV010VLCBEDR01 systemd[375924]: Reached target Shutdown.,(?P<timestamp>\S+\s+\S+\s+\S+)\s+(?P<hostname>.*)\s+(?P<process>\S+)\[(?P<pid>\d+)\]:\s+(?P<message>.*)
73,134681 node-246 unix.hw state_change.unavailable 1077804742 1 Component State Change: Component \042SCSI-WWID:01000010:6005-08b4-0001-00c6-0006-3000-003d-0000\042 is in the unavailable state (HWID=1973),(?P<id>\d+)\s(?P<hostname>[\w\-]+)\s(?P<subsystem>[\w\.]+)\s(?P<event>[\w\.]+)\s(?P<timestamp>\d+)\s(?P<flag>\d+)\s(?P<message>.*)\s\(HWID=(?P<hwid>\d+)\)
74,Feb 19 02:32:24 myhost ERROR Event 6512: Process terminated,"(?P<timestamp>\w+\s+\d{1,2}\s+\d{2}:\d{2}:\d{2})\s+(?P<hostname>\S+)\s+(?P<level>\w+)\s+(?P<message>.*)$"
75,"192.168.68.98 - - [Mar 17 2025, 10:24:22] ""PUT /login HTTP/1.1"" 200 3214 ""https://www.google.com"" ""Mozilla/5.0 (Macintosh; Intel Mac OS X 10_15_7) AppleWebKit/605.1.15 (KHTML, like Gecko) Version/14.1.1 Safari/605.1.15""","(?P<ip>\d{1,3}\.\d{1,3}\.\d{1,3}\.\d{1,3}) - - \[(?P<timestamp>[A-Za-z]{3} \d{2} \d{4}, \d{2}:\d{2}:\d{2})\] ""(?P<method>\w+) (?P<path>[^""]+) (?P<protocol>[^""]+)"" (?P<status>\d{3}) (?P<size>\d+) ""(?P<referrer>[^""]*)"" ""(?P<user_agent>[^""]*)"""
76,<Event xmlns='http://schemas.microsoft.com/win/2004/08/events/event'><System><Provider Name='Microsoft-Windows-Sysmon' Guid='{5770385F-C22A-43E0-BF4C-06F5698FFBD9}'/><EventID>10</EventID><Version>3</Version><Level>4</Level><Task>10</Task><Opcode>0</Opcode><Keywords>0x8000000000000000</Keywords><TimeCreated SystemTime='2020-10-08T12:52:10.274186300Z'/><EventRecordID>34</EventRecordID><Correlation/><Execution ProcessID='4268' ThreadID='4756'/><Channel>Microsoft-Windows-Sysmon/Operational</Channel><Computer>win-dc-8537412.attackrange.local</Computer><Security UserID='S-1-5-18'/></System><EventData><Data Name='RuleName'>-</Data><Data Name='UtcTime'>2020-10-08 12:52:10.259</Data><Data Name='SourceProcessGUID'>{F97E5129-0A10-5F7F-0C00-000000007E01}</Data><Data Name='SourceProcessId'>572</Data><Data Name='SourceThreadId'>1120</Data><Data Name='SourceImage'>C:\Windows\system32\svchost.exe</Data><Data Name='TargetProcessGUID'>{F97E5129-0B7A-5F7F-F402-000000007E01}</Data><Data Name='TargetProcessId'>4268</Data><Data Name='TargetImage'>C:\Windows\sysmon64.exe</Data><Data Name='GrantedAccess'>0x1400</Data><Data Name='CallTrace'>C:\Windows\SYSTEM32\ntdll.dll+a5ec4|C:\Windows\System32\KERNELBASE.dll+5eab4|c:\windows\system32\lsm.dll+e9d6|c:\windows\system32\lsm.dll+d3ae|C:\Windows\System32\RPCRT4.dll+78343|C:\Windows\System32\RPCRT4.dll+dbc0d|C:\Windows\System32\RPCRT4.dll+b3dc|C:\Windows\System32\RPCRT4.dll+59dc4|C:\Windows\System32\RPCRT4.dll+58cdd|C:\Windows\System32\RPCRT4.dll+5958b|C:\Windows\System32\RPCRT4.dll+3942c|C:\Windows\System32\RPCRT4.dll+398ac|C:\Windows\System32\RPCRT4.dll+53e9c|C:\Windows\System32\RPCRT4.dll+556fb|C:\Windows\System32\RPCRT4.dll+481da|C:\Windows\SYSTEM32\ntdll.dll+286be|C:\Windows\SYSTEM32\ntdll.dll+2a029|C:\Windows\System32\KERNEL32.DLL+84d4|C:\Windows\SYSTEM32\ntdll.dll+6e871</Data></EventData></Event>,.*?<System><Provider Name='(?P<provider>[^']+)' Guid='(?P<guid>[^']+)'\/><EventID>(?P<event_id>\d+)<\/EventID>.*?<Level>(?P<level>\d+)<\/Level>.*?<TimeCreated SystemTime='(?P<timestamp>[^']+)'\/>.*?<EventRecordID>(?P<event_record_id>\d+)<\/EventRecordID>.*?Execution ProcessID='(?P<process_id>\d+)' ThreadID='(?P<thread_id>\d+)'\/>.*?<Channel>(?P<channel>[^<]+)<\/Channel>.*?<Computer>(?P<computer>[^<]+)<\/Computer>.*?(<Security UserID='(?P<user_id>[^']+)'\/>).*<EventData>(?P<event>.*)<\/EventData><\/Event>
77,Feb 27 00:18:01 CLV010VLCBEDR01 systemd[375924]: Reached target Timers.,(?P<timestamp>\s+\s+\s+\s+\s+)\s+(?P<hostname>.*)\s+(?P<process>\s+)\[(?P<pid>\d+)\]:\s+(?P<message>.*)
78,"2015-10-18 18:01:53,869 INFO [AsyncDispatcher event handler] org.apache.hadoop.yarn.util.RackResolver: Resolved MSRA-SA-39.fareast.corp.microsoft.com to /default-rack","(?P<timestamp>\d{4}-\d{1,2}-\d{1,2}\s+\d{2}:\d{2}:\d{2},\d+)\s(?P<severity>[A-Z]+)\s\[(?P<thread>.*?)\]\s(?P<class>[\w\.]+):\s(?P<message>.*)"
79,<Event xmlns='http://schemas.microsoft.com/win/2004/08/events/event'><System><Provider Name='Microsoft-Windows-SystemDataArchiver' Guid='{4389f802-0c4f-56d0-63c6-d77db206d237}'/><EventID>2050</EventID><Version>0</Version><Level>4</Level><Task>0</Task><Opcode>0</Opcode><Keywords>0x8000000000000000</Keywords><TimeCreated SystemTime='2025-02-28T07:41:19.880782800Z'/><EventRecordID>7191981</EventRecordID><Correlation ActivityID='{3debc1ad-5b8d-48c4-ae2c-29e8968f650e}'/><Execution ProcessID='4000' ThreadID='2692'/><Channel>Microsoft-Windows-SystemDataArchiver/Diagnostic</Channel><Computer>KELWIN2019TEST2</Computer><Security UserID='S-1-5-19'/></System><EventData><Data Name='LogString'>[counter_request::Run] Delivered values for request 0x100000000000002 (1 counters).</Data></EventData></Event>,.*?<System><Provider Name='(?P<provider>[^']+)' Guid='(?P<guid>[^']+)'\/><EventID>(?P<event_id>\d+)<\/EventID>.*?<Level>(?P<level>\d+)<\/Level>.*?<TimeCreated SystemTime='(?P<timestamp>[^']+)'\/>.*?<EventRecordID>(?P<event_record_id>\d+)<\/EventRecordID>.*?Execution ProcessID='(?P<process_id>\d+)' ThreadID='(?P<thread_id>\d+)'\/>.*?<Channel>(?P<channel>[^<]+)<\/Channel>.*?<Computer>(?P<computer>[^<]+)<\/Computer>.*?(<Security UserID='(?P<user_id>[^']+)'\/>).*<EventData>(?P<event>.*)<\/EventData><\/Event>
80,Dec 10 06:55:46 LabSZ sshd[24200]: reverse mapping checking getaddrinfo for ns.marryaldkfaczcz.com [173.234.31.186] failed - POSSIBLE BREAK-IN ATTEMPT!,"(?P<timestamp>\w{3}\s+\d{1,2}\s+\d{2}:\d{2}:\d{2})\s+(?P<hostname>[\w\-]+)\s+sshd\[(?P<pid>\d+)\]:\s+(?P<message>.*)"
81,03/10/2025 01:25:27.876 WatsonReport: Registering setup log files with watson,(?P<timestamp>\d+\/\d+\/\d+\s+[\d:\.]+)\s+(?P<source>[\w\s]+):\s+(?P<message>.*?)$
82,2024-05-09 16:24:24.569    +08:00    Alarm: Client loaded _Categor RDB; time 2024-05-03 15:41:01.,(?P<timestamp>\S+\s+\S+)\s+(?P<timezone>\S+)\s+(?P<message>.*)
83,Jul 23 11:46:41 combo sshd(pam_unix)[15385]: authentication failure; logname= uid=0 euid=0 tty=NODEVssh ruser= rhost=85.44.47.166 user=root,"(?P<timestamp>\w+\s+\d{1,2}\s+\d{2}:\d{2}:\d{2})\s+(?P<hostname>\S+)\s+(?P<process>\w+)(?:\((?P<service>[^)]+)\))?\[(?P<pid>\d+)\]:\s+(?P<message>.*)$"
84,"17/06/09 20:10:41 INFO spark.SecurityManager: SecurityManager: authentication disabled; ui acls disabled; users with view permissions: Set(yarn, curi); users with modify permissions: Set(yarn, curi)",(?P<timestamp>\d{2}\/\d{2}\/\d{2} \d{2}:\d{2}:\d{2})\s+(?P<loglevel>[A-Z]+)\s+(?P<module>[\w\.]+):\s+(?P<message>.*)
85,[10.30 17:11:12] WeChat.exe - proxy.cse.cuhk.edu.hk:5070 open through proxy proxy.cse.cuhk.edu.hk:5070 HTTPS,(?P<timestamp>\[\d{2}\.\d{2} \d{2}:\d{2}:\d{2}\])\s+(?P<application>[\w\.]+)\s+-\s+(?P<proxy>[\w\.\-]+:\d+)\s+(?P<action>[a-zA-Z]+) through proxy (?P<proxy2>[\w\.\-]+:\d+)\s+(?P<protocol>\w+)$
86,081109 204722 567 INFO dfs.DataNode$PacketResponder: Received block blk_5402003568334525940 of size 67108864 from /10.251.214.112,(?P<timestamp>\d+\s+\d+)\s+(?P<pid>\d+)\s+(?P<log_level>\w+)\s+(?P<module>[\w.$]+):\s+(?P<message>.*)$
87,081109 204132 26 INFO dfs.FSNamesystem: BLOCK* NameSystem.addStoredBlock: blockMap updated: 10.251.43.115:50010 is added to blk_3050920587428079149 size 67108864,(?P<timestamp>\d+\s+\d+)\s+(?P<pid>\d+)\s+(?P<log_level>\w+)\s+(?P<module>[\w.$]+):\s+(?P<message>.*)$
88,2025-02-06T05:15:06.534Z server52 UserService [DEBUG]: Operation completed for user 258,(?P<timestamp>\d{4}-\d{2}-\d{2}T\d{2}:\d{2}:\d{2}\.\d{3}Z) (?P<hostname>\S+) (?P<service>\S+) \[(?P<level>[A-Z]+)\]: (?P<message>.*)
89,"<8>1 2025-07-23T06:44:37.453210Z dragos dragos_syslog - - - {""system"": ""Dragos Platform"", ""createdAt"": ""2025-07-23T06:44:37Z"", ""summary"": ""Distributed Component Object Model (DCOM) used to execute commands on a remote Windows system"", ""severity"": ""5"", ""content"": ""Asset 28 (192.168.23.11) executed DCOMExec script to Asset 14 (172.18.1.42). The script carried out the following action SMB::FILE_OPEN as a result of the execution. The execution of DCOMExec script could indicate possible usage of the Impacket framework that provides the capability to use the script in order to execute commands on a remote Windows system via Distributed Component Object Model (DCOM). The output of the python script is the following file __1753252778.7019103"", ""asset_ip"": """", ""asset_hostname"": """", ""dst_asset_ip"": ""172.18.1.42"", ""dst_asset_hostname"": ""pdsrdstm"", ""dst_asset_mac"": ""00:50:56:27:2A:37"", ""dst_asset_domain"": """", ""src_asset_ip"": ""192.168.23.11"", ""src_asset_hostname"": """", ""src_asset_mac"": """", ""src_asset_domain"": """", ""id"": ""6528"", ""asset_domain"": """", ""asset_id"": """", ""asset_mac"": """", ""detection_quad"": ""Indicator"", ""detectorId"": ""8cc94891-899e-4e1e-a24e-60e5c42019cf"", ""dst_asset_id"": ""14"", ""matchedRuleId"": ""4"", ""occurredAt"": ""2025-07-23T06:40:20Z"", ""originalSeverity"": ""1"", ""reviewed"": ""False"", ""src_asset_id"": ""28"", ""type"": ""Communication""}",
90,"204.213.233.216 - - [Mar 15 2025, 08:35:21] ""GET /search HTTP/1.1"" 400 2717 ""https://www.google.com"" ""Mozilla/5.0 (Macintosh; Intel Mac OS X 10_15_7) AppleWebKit/605.1.15 (KHTML, like Gecko) Version/14.1.1 Safari/605.1.15""","(?P<ip>\d{1,3}\.\d{1,3}\.\d{1,3}\.\d{1,3}) - - \[(?P<timestamp>[A-Za-z]{3} \d{2} \d{4}, \d{2}:\d{2}:\d{2})\] ""(?P<method>\w+) (?P<path>[^""]+) (?P<protocol>[^""]+)"" (?P<status>\d{3}) (?P<size>\d+) ""(?P<referrer>[^""]*)"" ""(?P<user_agent>[^""]*)"""
91,<10>Jul 23 14:40:45 10.10.1.10 CEF:0|Tenable|Tenable OT Security|3.18.58|109|Unauthorized Conversation|9|externalId=10025 cs6Label=policy_name cs6= SMB communication from  DMZ server Detected cf1Label=cluster_log_id cf1=10024 duser=920-WINSRV01-A dpt=445 dst=10.92.0.10 suser=920-TERMSRV01 src=10.20.100.20 proto=TCP cat=NetworkEvents,
92,"37.161.15.125 - - [Mar 18 2025, 11:08:58] ""PUT /api/users HTTP/1.1"" 200 2005 ""https://www.example.com"" ""Mozilla/5.0 (Macintosh; Intel Mac OS X 10_15_7) AppleWebKit/605.1.15 (KHTML, like Gecko) Version/14.1.1 Safari/605.1.15""","(?P<ip>\d{1,3}\.\d{1,3}\.\d{1,3}\.\d{1,3}) - - \[(?P<timestamp>[A-Za-z]{3} \d{2} \d{4}, \d{2}:\d{2}:\d{2})\] ""(?P<method>\w+) (?P<path>[^""]+) (?P<protocol>[^""]+)"" (?P<status>\d{3}) (?P<size>\d+) ""(?P<referrer>[^""]*)"" ""(?P<user_agent>[^""]*)"""
93,Aug 15 00:04:21 combo sshd(pam_unix)[20897]: authentication failure; logname= uid=0 euid=0 tty=NODEVssh ruser= rhost=220-135-151-1.hinet-ip.hinet.net  user=root,"(?P<timestamp>\w+\s+\d{1,2}\s+\d{2}:\d{2}:\d{2})\s+(?P<hostname>\S+)\s+(?P<process>\w+)?(\((?P<service>[^)]+)\))?(\[(?P<pid>\d+)\])?:\s+(?P<message>.*)"
94,081109 204453 34 INFO dfs.FSNamesystem: BLOCK* NameSystem.addStoredBlock: blockMap updated: 10.250.11.85:50010 is added to blk_2377150260128098806 size 67108864,(?P<timestamp>\d+\s+\d+)\s+(?P<pid>\d+)\s+(?P<log_level>\w+)\s+(?P<module>[\w.$]+):\s+(?P<message>.*)$
95,081109 204815 653 INFO dfs.DataNode$DataXceiver: Receiving block blk_5792489080791696128 src: /10.251.30.6:33145 dest: /10.251.30.6:50010,(?P<timestamp>\d+\s+\d+)\s+(?P<pid>\d+)\s+(?P<log_level>\w+)\s+(?P<module>[\w.$]+):\s+(?P<message>.*)$
96,"[09.30 17:12:14] chrome.exe - proxy.cse.cuhk.edu.hk:5070 close, 35850 bytes (35.0 KB) sent, 13903 bytes (13.5 KB) received, lifetime 04:12","(?P<timestamp>\[\d{2}\.\d{2} \d{2}:\d{2}:\d{2}\])\s+(?P<application>[\w\.]+)\s+-\s+(?P<proxy>[\w\.\-]+:\d+)\s+(?P<action>[a-zA-Z]+),\s+(?P<sent_bytes>\d+)\s+bytes\s+(\(.*\)\s+)?sent,\s+(?P<received_bytes>\d+)\s+bytes\s+(\(.*\)\s+)?received,\s+lifetime\s+(?P<lifetime>.*)$"
97,"[10.20 17:11:08] chrome.exe - proxy.cse.cuhk.edu.hk:5070 close, 1432 bytes (1.39 KB) sent, 44376 bytes (43.3 KB) received, lifetime 00:31","(?P<timestamp>\[\d{2}\.\d{2} \d{2}:\d{2}:\d{2}\])\s+(?P<application>[\w\.]+)\s+-\s+(?P<proxy>[\w\.\-]+:\d+)\s+(?P<action>[a-zA-Z]+),\s+(?P<sent_bytes>\d+)\s+bytes\s+(\(.*\)\s+)?sent,\s+(?P<received_bytes>\d+)\s+bytes\s+(\(.*\)\s+)?received,\s+lifetime\s+(?P<lifetime>.*)$"
98,<Event xmlns='http://schemas.microsoft.com/win/2004/08/events/event'><System><Provider Name='Microsoft-Windows-SystemDataArchiver' Guid='{4389f802-0c4f-56d0-63c6-d77db206d237}'/><EventID>2050</EventID><Version>0</Version><Level>4</Level><Task>0</Task><Opcode>0</Opcode><Keywords>0x8000000000000000</Keywords><TimeCreated SystemTime='2025-02-26T05:59:00.054350300Z'/><EventRecordID>6989899</EventRecordID><Correlation ActivityID='{3debc1ad-5b8d-48c4-ae2c-29e8968f650e}'/><Execution ProcessID='4000' ThreadID='5148'/><Channel>Microsoft-Windows-SystemDataArchiver/Diagnostic</Channel><Computer>KELWIN2019TEST2</Computer><Security UserID='S-1-5-19'/></System><EventData><Data Name='LogString'>[SDP Base]  SRUM calling FreeMemory for provider data type 3 into provider CPU Provider.</Data></EventData></Event>,.*?<System><Provider Name='(?P<provider>[^']+)' Guid='(?P<guid>[^']+)'\/><EventID>(?P<event_id>\d+)<\/EventID>.*?<Level>(?P<level>\d+)<\/Level><Task>(?P<task>\d+)<\/Task><Opcode>(?P<opcode>\d+)<\/Opcode><Keywords>(?P<keywords>[\d\w]+)<\/Keywords><TimeCreated SystemTime='(?P<timestamp>[^']+)'\/>.*?<EventRecordID>(?P<event_record_id>\d+)<\/EventRecordID><Correlation( ActivityID='{(?P<correlation_id>[\w\d\-]+)}')?\/>.*?<Execution ProcessID='(?P<process_id>\d+)' ThreadID='(?P<thread_id>\d+)'\/>.*?<Channel>(?P<channel>[^<]+)<\/Channel>.*?<Computer>(?P<computer>[^<]+)<\/Computer>.*?(<Security UserID='(?P<user_id>[^']+)'\/>).*<EventData>(?P<event>.*)<\/EventData><\/Event>
99,"2015-10-18 18:01:53,838 INFO [AsyncDispatcher event handler] org.apache.hadoop.yarn.util.RackResolver: Resolved MSRA-SA-39.fareast.corp.microsoft.com to /default-rack","(?P<date>\d{4}-\d{2}-\d{2})\s(?P<time>\d{2}:\d{2}:\d{2},\d+)\s(?P<severity>[A-Z]+)\s\[(?P<thread>.*?)\]\s(?P<class>[\w\.]+):\s(?P<message>.*)"
100,"_from_ip=""10.20.80.208"" _to_ip=""96.45.45.45"" bpf_filter=""ip host 10.20.80.208 and ip host 96.45.45.45 and udp port 61952 and udp port 53"" direction_is_known=true first_activity_time=""1753253399923"" from=""10.20.80.208"" from_port=""61952"" from_zone=""10.20.80.0/24"" id=""810.20.80.20896.45.45.45f20035198360bcd73"" is_broadcast=false is_from_public=false is_to_public=true key=""96.45.45.45;53;10.20.80.208;61952;udp;8"" last_activity_time=""1753253399966"" protocol=""dns"" status=""CLOSED"" throughput_speed=0 to=""96.45.45.45"" to_port=""53"" to_zone=""Internet"" transferred.avg_packet_bytes=234.5 transferred.biggest_packet_bytes=""386"" transferred.bytes=""469"" transferred.last_15m_bytes=""0"" transferred.last_30m_bytes=""469"" transferred.last_5m_bytes=""0"" transferred.packets=""2"" transferred.smallest_packet_bytes=""83"" transport_protocol=""udp"" vlan_id=null","\_from_ip=""(?<_from_ip>.*?)""\s+\_to_ip=""(?<_to_ip>.*?)""\s+bpf_filter=""(?<bpf_filter>.*?)""\s+direction_is_known=(?<direction_is_known>.*?)\s+first_activity_time=""(?<first_activity_time>.*?)""\s+from=""(?<from>.*?)""\s+from_port=""(?<from_port>.*?)""\s+from_zone=""(?<from_zone>.*?)""\s+id=""(?<id>.*?)""\s+is_broadcast=(?<is_broadcast>.*?)\s+is_from_public=(?<is_from_public>.*?)\s+is_to_public=(?<is_to_public>.*?)\s+key=""(?<key>.*?)""\s+last_activity_time=""(?<last_activity_time>.*?)""\s+protocol=""(?<protocol>.*?)""\s+status=""(?<status>.*?)""\s+throughput_speed=(?<throughput_speed>.*?)\s+to=""(?<to>.*?)""\s+to_port=""(?<to_port>.*?)""\s+to_zone=""(?<to_zone>.*?)""\s+transferred\.avg_packet_bytes=(?<transferred_avg_packet_bytes>.*?)\s+transferred\.biggest_packet_bytes=""(?<transferred_biggest_packet_bytes>.*?)""\s+transferred\.bytes=""(?<transferred_bytes>.*?)""\s+transferred\.last_15m_bytes=""(?<transferred_last_15m_bytes>.*?)""\s+transferred\.last_30m_bytes=""(?<transferred_last_30m_bytes>.*?)""\s+transferred\.last_5m_bytes=""(?<transferred_last_5m_bytes>.*?)""\s+transferred\.packets=""(?<transferred_packets>.*?)""\s+transferred\.smallest_packet_bytes=""(?<transferred_smallest_packet_bytes>.*?)""\s+transport_protocol=""(?<transport_protocol>.*?)""\s+vlan_id=(?<vlan_id>.*?)"
