log_id,generated_regex
1,(?<timestamp>\d{4}-\d{2}-\d{2}T\d{2}:\d{2}:\d{2}\.\d{3}Z)\s+(?<server>server\d+)\s+(?<component>DatabaseConnector)\s+\[(?<level>INFO)\]:\s+Operation\s+started\s+for\s+user\s+(?<user_id>\d+)
2,"(?P<date>\d{2} \d{2} \d{4} \d{2}:\d{2}:\d{2}) (?P<ip>\d{1,3}\.\d{1,3}\.\d{1,3}\.\d{1,3}) <(?P<alert_type>.*?)> (?P<alert_id>\d+) (?P<timestamp>\d{4}-\d{2}-\d{2}T\d{2}:\d{2}:\d{2}\.\d{3}\+\d{2}:\d{2}) (?P<hostname>.*?) (?P<device_name>.*?) - - - (?P<leef_version>.*?)\|(?P<vendor>.*?)\|(?P<product>.*?)\|(?P<version>.*?)\|(?P<alert_number>\d+)\|(?P<alert_description>.*?)\|(?P<severity>.*?)\|(?P<category>.*?) id=(?P<alert_id>\d+) src=(?P<source_ip>\d{1,3}\.\d{1,3}\.\d{1,3}\.\d{1,3}) dst=(?P<destination_ip>\d{1,3}\.\d{1,3}\.\d{1,3}\.\d{1,3}) pt=(?P<port>\d+) PtName=(?P<protocol>.*?) SrcName=(?P<source_hostname>.*?) DstName=(?P<destination_hostname>.*?) SrcMac=(?P<source_mac>.*?) DstMac=(?P<destination_mac>.*?) SrcVendor=(?P<source_vendor>.*?) DstVendor=(?P<destination_vendor>.*?) SrcType=(?P<source_type>.*?) DstType=(?P<destination_type>.*?)"
3,(?<timestamp>\d{2}/\d{2}/\d{2} \d{2}:\d{2}:\d{2}) (?<log_level>[A-Z]+) (?<logger>[^:]+): (?<message>.*)$
4,"(?P<date>\d{4}-\d{2}-\d{2}) (?P<time>\d{2}:\d{2}:\d{2},\d{3}) (?P<level>\w+) (?P<thread>\w+) (?P<class>\w+) (?P<message>.*)"
5,(?<timestamp>\d{2}\.\d{2} \d{2}:\d{2}:\d{2}) (?<process>chrome\.exe) - (?<proxy>proxy\.cse\.cuhk\.edu\.hk):(?<port>\d{4}) (?<action>open) through proxy (?<proxy2>proxy\.cse\.cuhk\.edu\.hk):(?<port2>\d{4}) (?<protocol>HTTPS)
6,(?P<date>\d{2}/\d{2}/\d{2}) (?P<time>\d{2}:\d{2}:\d{2}) (?P<level>INFO|WARN|ERROR|DEBUG) (?P<logger>[^:]+): (?P<message>.+)
7,(?P<timestamp>\d{10}) (?P<date>\d{4}\.\d{2}\.\d{2}) (?P<hostname>[^ ]+) (?P<time>\d{4}-\d{2}-\d{2}-\d{2}\.\d{2}\.\d{2}\.\d{6}) (?P<core>[^ ]+) (?P<message>[^ ]+)
8,"(?<date>\d{1,2} \w{3} \d{2} \d{2}:\d{2}:\d{2}) (?<host>\w+) (?<service>\w+)\[(?<pid>\d+)\]: pam_unix\((?<pam_service>\w+):(?<pam_type>\w+)\): (?<pam_message>.*?)"
9,(?<LogString>\[counter_request::Run\] Delivered values for request 0x100000000000002 \(1 counters\)\.)
10,"(?P<timestamp>\d{2}\w{3} \d{1,2} \d{2}:\d{2}:\d{2})\s+(?P<hostname>\w+)\s+(?P<log_id>\d+),(?P<log_time>\d{4}/\d{2}/\d{2} \d{2}:\d{2}:\d{2}),(?P<log_level>\w+),(?P<log_source>\w+),(?P<log_type>\w+),(?P<log_code>\d+),(?P<log_date>\d{4}/\d{2}/\d{2} \d{2}:\d{2}:\d{2}),(?P<log_category>\w+),(?P<log_subcategory>\w+),(?P<log_priority>\d+),(?P<log_severity>\d+),(?P<log_type2>\w+),(?P<log_type3>\w+),(?P<log_message>.*?),(?P<log_id2>\d+),(?P<log_id3>0x\w+),(?P<log_id4>\d+),(?P<log_id5>\d+),(?P<log_id6>\d+),(?P<log_id7>\d+),(?P<log_id8>\w+),(?P<log_id9>\w+),(?P<log_id10>\d+),(?P<log_id11>\d+),(?P<log_id12>\d+),(?P<log_id13>\d+),(?P<log_id14>\d+),(?P<log_id15>\w+),(?P<log_id16>\w+),(?P<log_id17>\d+),(?P<log_id18>\d+),(?P<log_id19>\d+),(?P<log_id20>\d+),(?P<log_id21>\d+),(?P<log_id22>\d+),(?P<log_id23>\d+),(?P<log_id24>\d+),(?P<log_id25>\d+),(?P<log_id26>\d+),(?P<log_id27>\d+),(?P<log_id28>\d+),(?P<log_id29>\d+),(?P<log_id30>\d+),(?P<log_id31>\d+),(?P<log_id32>\d+),(?P<log_id33>\d+),(?P<log_id34>\d+),(?P<log_id35>\d+),(?P<log_id36>\d+),(?P<log_id37>\d+),(?P<log_id38>\d+),(?P<log_id39>\d+),(?P<log_id40>\d+),(?P<log_id41>\d+),(?P<log_id42>\d+),(?P<log_id43>\d+),(?P<log_id44>\d+),(?P<log_id45>\d+),(?P<log_id46>\d+),(?P<log_id47>\d+),(?P<log_id48>\d+),(?P<log_id49>\d+),(?P<log_id50>\d+),(?P<log_id51>\d+),(?P<log_id52>\d+),(?P<log_id53>\d+),(?P<log_id54>\d+),(?P<log_id55>\d+),(?P<log_id56>\d+),(?P<log_id57>\d+),(?P<log_id58>\d+),(?P<log_id59>\d+),(?P<log_id60>\d+),(?P<log_id61>\d+),(?P<log_id62>\d+),(?P<log_id63>\d+),(?P<log_id64>\d+),(?P<log_id65>\d+),(?P<log_id66>\d+),(?P<log_id67>\d+),(?P<log_id68>\d+),(?P<log_id69>\d+),(?P<log_id70>\d+),(?P<log_id71>\d+),(?P<log_id72>\d+),(?P<log_id73>\d+),(?P<log_id74>\d+),(?P<log_id75>\d+),(?P<log_id76>\d+),(?P<log_id77>\d+),(?P<log_id78>\d+),(?P<log_id79>\d+),(?P<log_id80>\d+),(?P<log_id81>\d+),(?P<log_id82>\d+),(?P<log_id83>\d+),(?P<log_id84>\d+),(?P<log_id85>\d+),(?P<log_id86>\d+),(?P<log_id87>\d+),(?P<log_id88>\d+),(?P<log_id89>\d+),(?P<log_id90>\d+),(?P<log_id91>\d+),(?P<log_id92>\d+),(?P<log_id93>\d+),(?P<log_id94>\d+),(?P<log_id95>\d+),(?P<log_id96>\d+),(?P<log_id97>\d+),(?P<log_id98>\d+),(?P<log_id99>\d+),(?P<log_id100>\d+),(?P<log_id101>\d+),(?P<log_id102>\d+),(?P<log_id103>\d+),(?P<log_id104>\d+),(?P<log_id105>\d+),(?P<log_id106>\d+),(?P<log_id107>\d+),(?P<log_id108>\d+),(?P<log_id109>\d+),(?P<log_id110>\d+),(?P<log_id111>\d+),(?P<log_id112>\d+),(?P<log_id113>\d+),(?P<log_id114>\d+),(?P<log_id115>\d+),(?P<log_id116>\d+),(?P<log_id117>\d+),(?P<log_id118>\d+),(?P<log_id119>\d+),(?P<log_id120>\d+),(?P<log_id121>\d+),(?P<log_id122>\d+),(?P<log_id123>\d+),(?P<log_id124>\d+),(?P<log_id125>\d+),(?P<log_id126>\d+),(?P<log_id127>\d+),(?P<log_id128>\d+),(?P<log_id129>\d+),(?P<log_id130>\d+),(?P<log_id131>\d+),(?P<log_id132>\d+),(?P<log_id133>\d+),(?P<log_id134>\d+),(?P<log_id135>\d+),(?P<log_id136>\d+),(?P<log_id137>\d+),(?P<log_id138>\d+),(?P<log_id139>\d+),(?P<log_id140>\d+),(?P<log_id141>\d+),(?P<log_id142>\d+),(?P<log_id143>\d+),(?P<log_id144>\d+),(?P<log_id145>\d+),(?P<log_id146>\d+),(?P<log_id147>\d+),(?P<log_id148>\d+),(?P<log_id149>\d+),(?P<log_id150>\d+),(?P<log_id151>\d+),(?P<log_id152>\d+),(?P<log_id153>\d+),(?P<log_id154>\d+),(?P<log_id155>\d+),(?P<log_id156>\d+),(?P<log_id157>\d+),(?P<log_id158>\d+),(?P<log_id159>\d+),(?P<log_id160>\d+),(?P<log_id161>\d+),("
11,"(?P<date>\d{1,2} \w{3} \d{2} \d{2}:\d{2}:\d{2}) (?P<hostname>\w+)(?P<process>\[\d+\]): (?P<message>.+)"
12,(?<timestamp>\d{4}-\d{2}-\d{2}\s+\d{2}:\d{2}:\d{2}\.\d{3})\s+(?<timezone>\+\d{2}:\d{2})\s+\((?<application>Citect)\s+\((?<architecture>32\s+bit)\)\s+\((?<server>IOServer)\s+\[(?<cluster>Cluster1\.IOServer)\]\)\s+\((?<pid>PID\s+\d+)\)\s+(?<event>Startup)\s+(?<version>8\.20)
13,"(?P<ip>\d+\.\d+\.\d+\.\d+) - - \[(?P<date>\w{3} \d{2} \d{4}, \d{2}:\d{2}:\d{2})\] ""(?P<method>\w+) (?P<path>[^ ]+) (?P<protocol>\w+/\d+\.\d+)"" (?P<status>\d+) (?P<size>\d+) ""(?P<referer>[^""]+)"" ""(?P<user_agent>[^""]+)"""
14,(?<date>\d{2}/\d{2}/\d{2}) (?<time>\d{2}:\d{2}:\d{2}) (?<level>INFO) (?<logger>Remoting) (?<message>Remoting started; listening on addresses :\[akka\.tcp://sparkExecutorActorSystem@mesos-slave-07:55904\])
15,"(?<date>\d{1,2}\s+\d{1,2}\s+\d{1,2}:\d{1,2}:\d{1,2})\s+(?<host>\w+)\s+(?<service>\w+)\[(?<pid>\d+)\]:\s+(?<message>input_userauth_request:\s+invalid\s+user\s+\w+\s+\[preauth\])"
16,"^(?<date>\d{1,2} \w{3} \d{2} \d{2}:\d{2}:\d{2}) (?<host>\w+) sshd\(pam_unix\)\[20893\]: authentication failure; logname=(?<logname>\w+) uid=(?<uid>\d+) euid=(?<euid>\d+) tty=(?<tty>\w+) ssh ruser=(?<ruser>\w+) rhost=(?<rhost>[^ ]+) user=(?<user>\w+)$"
17,(?P<timestamp>\d{4}\d{2}\d{2}-\d{2}:\d{2}:\d{2}:\d{3})\|(?P<module>\w+)\|(?P<id>\d+)\|(?P<message>.+)
18,(?P<date>\d{2} \w{3} \d{2} \d{2}:\d{2}:\d{2}) (?P<hostname>\w+)(?P<process_id>\[\d+\]): (?P<message>.*)
19,"(?P<date>\d{2}>\w{3} \d{2} \d{2}:\d{2}:\d{2}) (?P<hostname>\w+-\w+-\w+-\w+-\w+) (?P<field1>\d+),(?P<field2>\d{4}/\d{2}/\d{2} \d{2}:\d{2}:\d{2}),(?P<field3>\d{12}),(?P<field4>\w+),(?P<field5>\d+),(?P<field6>\d{4}/\d{2}/\d{2} \d{2}:\d{2}:\d{2}),(?P<field7>\w+),(?P<field8>\w+),(?P<field9>\d+),(?P<field10>\d+),(?P<field11>\w+),(?P<field12>\w+),(?P<field13>\w+),(?P<field14>\w+),(?P<field15>\w+),(?P<field16>\w+),(?P<field17>\w+),(?P<field18>\w+),(?P<field19>\w+),(?P<field20>\w+),(?P<field21>\w+),(?P<field22>\w+),(?P<field23>\w+),(?P<field24>\w+),(?P<field25>\w+),(?P<field26>\w+),(?P<field27>\w+),(?P<field28>\w+),(?P<field29>\w+),(?P<field30>\w+),(?P<field31>\w+),(?P<field32>\w+),(?P<field33>\w+),(?P<field34>\w+),(?P<field35>\w+),(?P<field36>\w+),(?P<field37>\w+),(?P<field38>\w+),(?P<field39>\w+),(?P<field40>\w+),(?P<field41>\w+),(?P<field42>\w+),(?P<field43>\w+),(?P<field44>\w+),(?P<field45>\w+),(?P<field46>\w+),(?P<field47>\w+),(?P<field48>\w+),(?P<field49>\w+),(?P<field50>\w+),(?P<field51>\w+),(?P<field52>\w+),(?P<field53>\w+),(?P<field54>\w+),(?P<field55>\w+),(?P<field56>\w+),(?P<field57>\w+),(?P<field58>\w+),(?P<field59>\w+),(?P<field60>\w+),(?P<field61>\w+),(?P<field62>\w+),(?P<field63>\w+),(?P<field64>\w+),(?P<field65>\w+),(?P<field66>\w+),(?P<field67>\w+),(?P<field68>\w+),(?P<field69>\w+),(?P<field70>\w+),(?P<field71>\w+),(?P<field72>\w+),(?P<field73>\w+),(?P<field74>\w+),(?P<field75>\w+),(?P<field76>\w+),(?P<field77>\w+),(?P<field78>\w+),(?P<field79>\w+),(?P<field80>\w+),(?P<field81>\w+),(?P<field82>\w+),(?P<field83>\w+),(?P<field84>\w+),(?P<field85>\w+),(?P<field86>\w+),(?P<field87>\w+),(?P<field88>\w+),(?P<field89>\w+),(?P<field90>\w+),(?P<field91>\w+),(?P<field92>\w+),(?P<field93>\w+),(?P<field94>\w+),(?P<field95>\w+),(?P<field96>\w+),(?P<field97>\w+),(?P<field98>\w+),(?P<field99>\w+),(?P<field100>\w+),(?P<field101>\w+),(?P<field102>\w+),(?P<field103>\w+),(?P<field104>\w+),(?P<field105>\w+),(?P<field106>\w+),(?P<field107>\w+),(?P<field108>\w+),(?P<field109>\w+),(?P<field110>\w+),(?P<field111>\w+),(?P<field112>\w+),(?P<field113>\w+),(?P<field114>\w+),(?P<field115>\w+),(?P<field116>\w+),(?P<field117>\w+),(?P<field118>\w+),(?P<field119>\w+),(?P<field120>\w+),(?P<field121>\w+),(?P<field122>\w+),(?P<field123>\w+),(?P<field124>\w+),(?P<field125>\w+),(?P<field126>\w+),(?P<field127>\w+),(?P<field128>\w+),(?P<field129>\w+),(?P<field130>\w+),(?P<field131>\w+),(?P<field132>\w+),(?P<field133>\w+),(?P<field134>\w+),(?P<field135>\w+),(?P<field136>\w+),(?P<field137>\w+),(?P<field138>\w+),(?P<field139>\w+),(?P<field140>\w+),(?P<field141>\w+),(?P<field142>\w+),(?P<field143>\w+),(?P<field144>\w+),(?P<field145>\w+),(?P<field146>\w+),(?P<field147>\w+),(?P<field148>\w+),(?P<field149>\w+),(?P<field150>\w+),(?P<field151>\w+),(?P<field152>\w+),(?P<field153>\w+),(?P<field154>\w+),(?P<field155>\w+),(?P<field156>\w+),(?P<field157>\w+),(?P<field158>\w+),(?P<field159>\w+),(?P<field160>\w+),(?P<field161>\w+),(?P<field162>\w+),(?P<field163>\w+),(?P<field164>\w+),(?P<field165>\w+),(?P<field166>\w+),(?P<field167>\w+),(?P<field168>\w+),(?P<field169>\w+),(?P<field170>\w+),(?P<field171>\w+),(?P<field172>\w+),(?P<field173>\w+),(?P<field174>\w+),(?P<field175>\w+),(?P<field176>\w+),(?P<field177>\w+),(?P<field178>\w+),(?P<field179>\w+),(?P<field180>\w+),(?P<field181>\w+),(?P<field182>\w+),(?P<field183>\w+),(?P<field184>\w+),(?P<field185>\w+),(?P<field186>\w+),(?P"
20,(?<LogString>\[counter_request::Run\] Delivered values for request 0x100000000000002 \(1 counters\)\.)
21,"(?<date>\d{1,2} \w{3} \d{2} \d{2}:\d{2}:\d{2}) (?<hostname>\w+) (?<service>\w+)\[(?<pid>\d+)\]: (?<message>.*)"
22,(?<date>\d{2}/\d{2}/\d{2}) (?<time>\d{2}:\d{2}:\d{2}) (?<level>[A-Z]+) (?<logger>[^:]+): (?<message>.*)
23,(?<LogString>\[counter_request::Run\] Delivered values for request (?<RequestId>0x[0-9a-fA-F]+) \((?<CounterCount>[0-9]+) counters\)\.)
24,"(?P<timestamp>\d{2} \w{3} \d{2} \d{2}:\d{2}:\d{2}) (?P<hostname>\w+) (?P<log_id>\d+),(?P<log_type>\w+),(?P<log_subtype>\w+),(?P<log_level>\d+),(?P<log_time>\d{4}/\d{2}/\d{2} \d{2}:\d{2}:\d{2}),(?P<log_source>\w+),(?P<log_category>\w+),(?P<log_subcategory>\w+),(?P<log_priority>\d+),(?P<log_sequence>\d+),(?P<log_action>\w+),(?P<log_severity>\w+),(?P<log_message>.+),(?P<log_id2>\d+),(?P<log_id3>\w+),(?P<log_id4>\d+),(?P<log_id5>\d+),(?P<log_id6>\d+),(?P<log_id7>\d+),(?P<log_id8>\w+),(?P<log_id9>\w+),(?P<log_id10>\d+),(?P<log_id11>\d+),(?P<log_id12>\d+),(?P<log_id13>\d+),(?P<log_id14>\d+),(?P<log_id15>\w+),(?P<log_id16>\w+),(?P<log_id17>\d+),(?P<log_id18>\d+),(?P<log_id19>\d+),(?P<log_id20>\d+),(?P<log_id21>\d+),(?P<log_id22>\d+),(?P<log_id23>\d+),(?P<log_id24>\d+),(?P<log_id25>\d+),(?P<log_id26>\d+),(?P<log_id27>\d+),(?P<log_id28>\d+),(?P<log_id29>\d+),(?P<log_id30>\d+),(?P<log_id31>\d+),(?P<log_id32>\d+),(?P<log_id33>\d+),(?P<log_id34>\d+),(?P<log_id35>\d+),(?P<log_id36>\d+),(?P<log_id37>\d+),(?P<log_id38>\d+),(?P<log_id39>\d+),(?P<log_id40>\d+),(?P<log_id41>\d+),(?P<log_id42>\d+),(?P<log_id43>\d+),(?P<log_id44>\d+),(?P<log_id45>\d+),(?P<log_id46>\d+),(?P<log_id47>\d+),(?P<log_id48>\d+),(?P<log_id49>\d+),(?P<log_id50>\d+),(?P<log_id51>\d+),(?P<log_id52>\d+),(?P<log_id53>\d+),(?P<log_id54>\d+),(?P<log_id55>\d+),(?P<log_id56>\d+),(?P<log_id57>\d+),(?P<log_id58>\d+),(?P<log_id59>\d+),(?P<log_id60>\d+),(?P<log_id61>\d+),(?P<log_id62>\d+),(?P<log_id63>\d+),(?P<log_id64>\d+),(?P<log_id65>\d+),(?P<log_id66>\d+),(?P<log_id67>\d+),(?P<log_id68>\d+),(?P<log_id69>\d+),(?P<log_id70>\d+),(?P<log_id71>\d+),(?P<log_id72>\d+),(?P<log_id73>\d+),(?P<log_id74>\d+),(?P<log_id75>\d+),(?P<log_id76>\d+),(?P<log_id77>\d+),(?P<log_id78>\d+),(?P<log_id79>\d+),(?P<log_id80>\d+),(?P<log_id81>\d+),(?P<log_id82>\d+),(?P<log_id83>\d+),(?P<log_id84>\d+),(?P<log_id85>\d+),(?P<log_id86>\d+),(?P<log_id87>\d+),(?P<log_id88>\d+),(?P<log_id89>\d+),(?P<log_id90>\d+),(?P<log_id91>\d+),(?P<log_id92>\d+),(?P<log_id93>\d+),(?P<log_id94>\d+),(?P<log_id95>\d+),(?P<log_id96>\d+),(?P<log_id97>\d+),(?P<log_id98>\d+),(?P<log_id99>\d+),(?P<log_id100>\d+),(?P<log_id101>\d+),(?P<log_id102>\d+),(?P<log_id103>\d+),(?P<log_id104>\d+),(?P<log_id105>\d+),(?P<log_id106>\d+),(?P<log_id107>\d+),(?P<log_id108>\d+),(?P<log_id109>\d+),(?P<log_id110>\d+),(?P<log_id111>\d+),(?P<log_id112>\d+),(?P<log_id113>\d+),(?P<log_id114>\d+),(?P<log_id115>\d+),(?P<log_id116>\d+),(?P<log_id117>\d+),(?P<log_id118>\d+),(?P<log_id119>\d+),(?P<log_id120>\d+),(?P<log_id121>\d+),(?P<log_id122>\d+),(?P<log_id123>\d+),(?P<log_id124>\d+),(?P<log_id125>\d+),(?P<log_id126>\d+),(?P<log_id127>\d+),(?P<log_id128>\d+),(?P<log_id129>\d+),(?P<log_id130>\d+),(?P<log_id131>\d+),(?P<log_id132>\d+),(?P<log_id133>\d+),(?P<log_id134>\d+),(?P<log_id135>\d+),(?P<log_id136>\d+),(?P<log_id137>\d+),(?P<log_id138>\d+),(?P<log_id139>\d+),(?P<log_id140>\d+),(?P<log_id141>\d+),(?P<log_id142>\d+),(?P<log_id143>\d+),(?P<log_id144>\d+),(?P<log_id145>\d+),(?P<log_id146>\d+),(?P<log_id147>\d+),(?P<log_id148>\d+),(?P<log_id149>\d+),(?P<log_id150>\d+),(?P<log_id151>\d+),(?P<log_id152>\d+),(?P<log_id153>\d+),(?P<log_id154>\d+),(?P<log_id155>\d+),(?P<log_id156>\d+),(?P<log_id157>\d+),(?P<log_id158>\d+),(?P<log_id159>\d+),(?P<log_id160>\d+),(?P<log_id161>\d+),(?P<log_id162>\d+),(?P<log_id163>\d+),(?P<log_id164>\d+),(?P<log_id165>\d+),("
25,"(?P<date>\d{1,2} \w{3} \d{2} \d{2}:\d{2}:\d{2}) (?P<host>\w+) (?P<service>\w+)\((?P<pam>\w+)\)\[(?P<pid>\d+)\]: (?P<message>authentication failure; logname=(?P<logname>\w+) uid=(?P<uid>\d+) euid=(?P<euid>\d+) tty=(?P<tty>\w+) ssh ruser=(?P<ruser>\w+) rhost=(?P<rhost>[^ ]+) user=(?P<user>\w+))"
26,"(?P<date>\d{1,2} \w{3} \d{2}) (?P<time>\d{2}:\d{2}:\d{2}) (?P<hostname>\w+) (?P<process>\w+)\[(?P<pid>\d+)\]: (?P<message>reverse mapping checking getaddrinfo for ns.marryaldkfaczcz.com \[\d{1,3}\.\d{1,3}\.\d{1,3}\.\d{1,3}\] failed - POSSIBLE BREAK-IN ATTEMPT!)"
27,"(?<LogString>\[Config\] Failed to read configuration from registry, result 5\. Using default values)"
28,(?<timestamp>\d{4}-\d{2}-\d{2}\s+\d{2}:\d{2}:\d{2}\.\d{3})\s+(?<timezone>\+\d{2}:\d{2})\s+\[(?<log_level>[^\]]*?)\]\s+\[(?<module>[^\]]*?)\]\s+\[(?<thread_id>[^\]]*?)\]\s+\[(?<component>[^\]]*?)\]\s+\[(?<function>[^\]]*?)\]\s+\[(?<file>[^\]]*?)\]\s+\[(?<line_number>\d*?)\]\s+(?<message>.*)
29,"(?<timestamp>\d{4}-\d{2}-\d{2}\s\d{2}:\d{2}:\d{2},\d{3})\s+-\s+(?<log_level>INFO)\s+\[(?<class_name>QuorumPeer)\[(?<myid>\d+)\]\/(?<ip>[^:]+):(?<port>\d+):(?<method>FastLeaderElection)@(?<line>\d+)\]\s+-\s+(?<message>Notification\stime\sout:\s\d+)"
30,"(?<timestamp>\d{4}-\d{2}-\d{2}\s+\d{2}:\d{2}:\d{2}\.\d{3})\s+(?<timezone>\+\d{2}:\d{2})\s+(?<module>Licensing::LicenseProtection)\:(?<function>ProtInit),\s+licRunMode:\s+(?<licRunMode>0x[0-9a-fA-F]+)"
31,(?<date>\d{2} \d{2} \d{2}:\d{2}:\d{2}) (?<hostname>\w+) systemd\[\d+\]: (?<session>\w+)-(?<id>\d+).scope: (?<status>\w+).
32,"(?P<date>\d{2} \d{2} \d{4} \d{2}:\d{2}:\d{2}) (?P<ip>\d{1,3}\.\d{1,3}\.\d{1,3}\.\d{1,3}) (?P<log_source>[^ ]+) (?P<log_level>[^ ]+) (?P<log_id>\d+) (?P<timestamp>\d{4}-\d{2}-\d{2}T\d{2}:\d{2}:\d{2}\.\d{6}\+\d{2}:\d{2}) (?P<hostname>[^ ]+) (?P<device_name>[^ ]+) (?P<device_ip>[^ ]+) (?P<device_mac>[^ ]+) (?P<device_vendor>[^ ]+) (?P<device_type>[^ ]+) (?P<leef_version>[^ ]+) (?P<radiflow_version>[^ ]+) (?P<isid_version>[^ ]+) (?P<device_id>\d+) (?P<device_ip>\d{1,3}\.\d{1,3}\.\d{1,3}\.\d{1,3}) (?P<src_name>[^ ]+) (?P<src_mac>[^ ]+) (?P<src_vendor>[^ ]+) (?P<src_type>[^ ]+) (?P<cat>[^ ]+) (?P<id>\d+) (?P<device_name>[^ ]+) (?P<device_ip>[^ ]+) (?P<device_mac>[^ ]+) (?P<device_vendor>[^ ]+) (?P<device_type>[^ ]+) (?P<leef_version>[^ ]+) (?P<radiflow_version>[^ ]+) (?P<isid_version>[^ ]+) (?P<device_id>\d+) (?P<device_ip>\d{1,3}\.\d{1,3}\.\d{1,3}\.\d{1,3}) (?P<src_name>[^ ]+) (?P<src_mac>[^ ]+) (?P<src_vendor>[^ ]+) (?P<src_type>[^ ]+) (?P<cat>[^ ]+) (?P<id>\d+) (?P<device_name>[^ ]+) (?P<device_ip>[^ ]+) (?P<device_mac>[^ ]+) (?P<device_vendor>[^ ]+) (?P<device_type>[^ ]+) (?P<leef_version>[^ ]+) (?P<radiflow_version>[^ ]+) (?P<isid_version>[^ ]+) (?P<device_id>\d+) (?P<device_ip>\d{1,3}\.\d{1,3}\.\d{1,3}\.\d{1,3}) (?P<src_name>[^ ]+) (?P<src_mac>[^ ]+) (?P<src_vendor>[^ ]+) (?P<src_type>[^ ]+) (?P<cat>[^ ]+) (?P<id>\d+) (?P<device_name>[^ ]+) (?P<device_ip>[^ ]+) (?P<device_mac>[^ ]+) (?P<device_vendor>[^ ]+) (?P<device_type>[^ ]+) (?P<leef_version>[^ ]+) (?P<radiflow_version>[^ ]+) (?P<isid_version>[^ ]+) (?P<device_id>\d+) (?P<device_ip>\d{1,3}\.\d{1,3}\.\d{1,3}\.\d{1,3}) (?P<src_name>[^ ]+) (?P<src_mac>[^ ]+) (?P<src_vendor>[^ ]+) (?P<src_type>[^ ]+) (?P<cat>[^ ]+) (?P<id>\d+) (?P<device_name>[^ ]+) (?P<device_ip>[^ ]+) (?P<device_mac>[^ ]+) (?P<device_vendor>[^ ]+) (?P<device_type>[^ ]+) (?P<leef_version>[^ ]+) (?P<radiflow_version>[^ ]+) (?P<isid_version>[^ ]+) (?P<device_id>\d+) (?P<device_ip>\d{1,3}\.\d{1,3}\.\d{1,3}\.\d{1,3}) (?P<src_name>[^ ]+) (?P<src_mac>[^ ]+) (?P<src_vendor>[^ ]+) (?P<src_type>[^ ]+) (?P<cat>[^ ]+) (?P<id>\d+) (?P<device_name>[^ ]+) (?P<device_ip>[^ ]+) (?P<device_mac>[^ ]+) (?P<device_vendor>[^ ]+) (?P<device_type>[^ ]+) (?P<leef_version>[^ ]+) (?P<radiflow_version>[^ ]+) (?P<isid_version>[^ ]+) (?P<device_id>\d+) (?P<device_ip>\d{1,3}\.\d{1,3}\.\d{1,3}\.\d{1,3}) (?P<src_name>[^ ]+) (?P<src_mac>[^ ]+) (?P<src_vendor>[^ ]+) (?P<src_type>[^ ]+) (?P<cat>[^ ]+) (?P<id>\d+) (?P<device_name>[^ ]+) (?P<device_ip>[^ ]+) (?P<device_mac>[^ ]+) (?P<device_vendor>[^ ]+) (?P<device_type>[^ ]+) (?P<leef_version>[^ ]+) (?P<radiflow_version>[^ ]+) (?P<isid_version>[^ ]+) (?P<device_id>\d+) (?P<device_ip>\d{1,3}\.\d{1,3}\.\d{1,3}\.\d{1,3}) (?P<src_name>[^ ]+) (?P<src_mac>[^ ]+) (?P<src_vendor>[^ ]+) (?P<src_type>[^ ]+) (?P<cat>[^ ]+) (?P<id>\d+) (?P<device_name>[^ ]+) (?P<device_ip>[^ ]+) (?P<device_mac>[^ ]+) (?P<device_vendor>[^ ]+) (?P<device_type>[^ ]+) (?P<leef_version>[^ ]+) (?P<radiflow_version>[^ ]+) (?P<isid_version>[^ ]+) (?P<device_id>\d+) (?P<device_ip>\d{1,3}\.\d{1,3}\.\d{1,3}\.\d{1,3}) (?P<src_name>[^ ]+) (?P<src_mac>[^ ]+) (?P<src_vendor>[^ ]+) (?P<src_type>[^ ]+) (?P<cat>[^ ]+) (?P<id>\d+) (?P<device_name>[^ ]+) (?P<device_ip>[^ ]+) (?P<device_mac>[^ ]+) (?P<device_vendor>[^ ]+) (?P<device_type>[^ ]+) (?P<leef_version>[^ ]+) (?P<radiflow_version>[^ ]+) (?P<isid_version>[^ ]+) (?P<device_id>\d+) (?P<device_ip>\d{1,3}\.\d{1,3}\.\d{1,3}\.\d{1,3}) (?P<src_name>[^ ]+) (?P<src_mac>[^ ]+) (?P<src_vendor>[^ ]+) (?P<src_type>[^ ]+) (?P<cat>[^ ]+) (?P<id>\d+) (?P<device_name>[^ ]+) (?P<device_ip>[^ ]+) (?P<device_mac>[^ ]+) (?P<device_vendor>[^ ]+) (?P<device_type>[^ ]+) (?P<leef_version>[^ ]+) (?P<radiflow_version>[^ ]+) (?P<isid_version>[^ ]+) (?P<device_id>\d+) (?P<device_ip>\d{1,3}\.\d{1,3}\.\d{1,3}\.\d{1,3}) (?P<src_name>[^ ]+) (?P<src_mac>[^ ]+) (?P<src_vendor>[^ ]+) (?P<src_type>[^ ]+) (?P<cat>[^ ]+) (?P<id>\d+) (?P<device_name>[^ ]+) (?P<device_ip>[^ ]+) (?P<device_mac>[^ ]+) (?P<device_vendor>[^ ]+) (?P<device_type>[^ ]+) (?P<leef_version>[^ ]+) (?P<radiflow_version>[^ ]+) (?P<isid_version>[^ ]+) (?P<device_id>\d+) (?P<device_ip>\d{1,3}\.\d{1,3}\.\d{1,3}\.\d{1,3}) (?P<src_name>[^ ]+) (?P<src_mac>[^ ]+) (?P<src_vendor>[^ ]+) (?P<src_type>[^ ]+) (?P<cat>[^ ]+) (?P<id>\d+) (?P<device_name>[^ ]+) (?P<device_ip>[^ ]+) (?P<device_mac>[^ ]+) (?P<device_vendor>[^ ]+) (?P<device_type>[^ ]+) (?P<leef_version>[^ ]+) (?P<radiflow_version>[^ ]+) (?P<isid_version>[^ ]+) (?P<device_id>\d+) (?P<device_ip>\d{1,3"
33,(?<timestamp>\d{2}\.\d{2} \d{2}:\d{2}:\d{2}) (?<process>\w+) - (?<proxy_host>\w+\.\w+\.\w+\.\w+):(?<proxy_port>\d+) (?<action>\w+) (?<destination_host>\w+\.\w+\.\w+\.\w+):(?<destination_port>\d+) (?<protocol>\w+)
34,"(?P<timestamp>\d{1,2} \d{1,2} \d{1,2}:\d{1,2}:\d{1,2}) (?P<hostname>\w+): (?P<process>\w+)\[(?P<pid>\d+)\]: (?P<message>Failed password for invalid user (?P<username>\w+) from (?P<ip_address>\d{1,3}\.\d{1,3}\.\d{1,3}\.\d{1,3}) port (?P<port>\d+) ssh2)"
35,(?P<timestamp>\d{10}) (?P<date>\d{4}\.\d{2}\.\d{2}) (?P<hostname>\w+) (?P<time>\d{2}:\d{2}:\d{2}) (?P<process>\w+\/\w+)\[(\d+)\]: (?P<message>.*)
36,(?<timestamp>Jan 27 12:38:01) (?<hostname>CLV010VLCBEDR01) (?<process>CROND)\[(?<pid>375934)\]: \((?<user>cb)\) (?<command>CMD) \((?<command_path>/usr/share/cb/virtualenv/bin/python -m cb.maintenance.job_runner --max-startup-delay 1 -s alliance_community_participation /etc/cb/cb.conf --ticevents >> /var/log/cb/job-runner/startup.out 2>&1)\)
37,(?<date>\d{2}/\d{2}/\d{2}) (?<time>\d{2}:\d{2}:\d{2}) (?<level>[A-Z]+) (?<logger>[^:]+): (?<message>.*)
38,"(?P<timestamp>\d{2}\.\d{2} \d{2}:\d{2}:\d{2}) (?P<process>[\w.]+) - (?P<destination>[\w.]+):(?P<port>\d+) (?P<action>close), (?P<sent_bytes>\d+) bytes sent, (?P<received_bytes>\d+) bytes received, lifetime <(?P<lifetime>\d+) sec"
39,(?P<timestamp>\d{4}-\d{2}-\d{2}\s+\d{2}:\d{2}:\d{2}\.\d{3})\s+(?P<timezone>\+\d{4})\s+\[(?P<log_level>[^\]]+)\]\s+\[(?P<source_module>[^\]]+)\]\s+\[(?P<thread_id>0x[^\]]+)\]\s+\[(?P<component>[^\]]+)\]\s+\[(?P<context>[^\]]+)\]\s+\[(?P<function>[^\]]+)\]\s+\[(?P<file>[^\]]+)\]\s+\[(?P<line>\d+)\]\s+MaxPending=(?P<max_pending>\d+)\s+Block=(?P<block>\d+)\s+Retry=(?P<retry>\d+)\s+Delay=(?P<delay>\d+)\s+Timeout=(?P<timeout>\d+)\s+PollTime=(?P<poll_time>\d+)\s+WatchTime=(?P<watch_time>\d+)
40,"(?P<ip>\d{1,3}\.\d{1,3}\.\d{1,3}\.\d{1,3}) - - \[(?P<date>\w{3} \d{2} \d{4}, \d{2}:\d{2}:\d{2})\] ""(?P<method>DELETE) (?P<path>/blog\?sort=price_desc&page=2) HTTP/1\.1"" (?P<status>\d{3}) (?P<size>\d+) ""-"" ""(?P<user_agent>Mozilla/5\.0 \(Windows NT 10\.0; Win64; x64\) AppleWebKit/537\.36 \(KHTML, like Gecko\) Chrome/91\.0\.4472\.124 Safari/537\.36)"""
41,2025-03-07T20:22:19.897Z server52 AuthController [ERROR]: Operation failed for user 166
42,(?P<timestamp>\d{2}\w{3} \d{2} \d{2}:\d{2}:\d{2}) (?P<hostname>\w+-\w+-\w+-\w+-\w+-\w+-\w+-\w+-\w+-\w+-\w+-\w+-\w+-\w+-\w+-\w+-\w+-\w+-\w+-\w+-\w+-\w+-\w+-\w+-\w+-\w+-\w+-\w+-\w+-\w+-\w+-\w+-\w+-\w+-\w+-\w+-\w+-\w+-\w+-\w+-\w+-\w+-\w+-\w+-\w+-\w+-\w+-\w+-\w+-\w+-\w+-\w+-\w+-\w+-\w+-\w+-\w+-\w+-\w+-\w+-\w+-\w+-\w+-\w+-\w+-\w+-\w+-\w+-\w+-\w+-\w+-\w+-\w+-\w+-\w+-\w+-\w+-\w+-\w+-\w+-\w+-\w+-\w+-\w+-\w+-\w+-\w+-\w+-\w+-\w+-\w+-\w+-\w+-\w+-\w+-\w+-\w+-\w+-\w+-\w+-\w+-\w+-\w+-\w+-\w+-\w+-\w+-\w+-\w+-\w+-\w+-\w+-\w+-\w+-\w+-\w+-\w+-\w+-\w+-\w+-\w+-\w+-\w+-\w+-\w+-\w+-\w+-\w+-\w+-\w+-\w+-\w+-\w+-\w+-\w+-\w+-\w+-\w+-\w+-\w+-\w+-\w+-\w+-\w+-\w+-\w+-\w+-\w+-\w+-\w+-\w+-\w+-\w+-\w+-\w+-\w+-\w+-\w+-\w+-\w+-\w+-\w+-\w+-\w+-\w+-\w+-\w+-\w+-\w+-\w+-\w+-\w+-\w+-\w+-\w+-\w+-\w+-\w+-\w+-\w+-\w+-\w+-\w+-\w+-\w+-\w+-\w+-\w+-\w+-\w+-\w+-\w+-\w+-\w+-\w+-\w+-\w+-\w+-\w+-\w+-\w+-\w+-\w+-\w+-\w+-\w+-\w+-\w+-\w+-\w+-\w+-\w+-\w+-\w+-\w+-\w+-\w+-\w+-\w+-\w+-\w+-\w+-\w+-\w+-\w+-\w+-\w+-\w+-\w+-\w+-\w+-\w+-\w+-\w+-\w+-\w+-\w+-\w+-\w+-\w+-\w+-\w+-\w+-\w+-\w+-\w+-\w+-\w+-\w+-\w+-\w+-\w+-\w+-\w+-\w+-\w+-\w+-\w+-\w+-\w+-\w+-\w+-\w+-\w+-\w+-\w+-\w+-\w+-\w+-\w+-\w+-\w+-\w+-\w+-\w+-\w+-\w+-\w+-\w+-\w+-\w+-\w+-\w+-\w+-\w+-\w+-\w+-\w+-\w+-\w+-\w+-\w+-\w+-\w+-\w+-\w+-\w+-\w+-\w+-\w+-\w+-\w+-\w+-\w+-\w+-\w+-\w+-\w+-\w+-\w+-\w+-\w+-\w+-\w+-\w+-\w+-\w+-\w+-\w+-\w+-\w+-\w+-\w+-\w+-\w+-\w+-\w+-\w+-\w+-\w+-\w+-\w+-\w+-\w+-\w+-\w+-\w+-\w+-\w+-\w+-\w+-\w+-\w+-\w+-\w+-\w+-\w+-\w+-\w+-\w+-\w+-\w+-\w+-\w+-\w+-\w+-\w+-\w+-\w+-\w+-\w+-\w+-\w+-\w+-\w+-\w+-\w+-\w+-\w+-\w+-\w+-\w+-\w+-\w+-\w+-\w+-\w+-\w+-\w+-\w+-\w+-\w+-\w+-\w+-\w+-\w+-\w+-\w+-\w+-\w+-\w+-\w+-\w+-\w+-\w+-\w+-\w+-\w+-\w+-\w+-\w+-\w+-\w+-\w+-\w+-\w+-\w+-\w+-\w+-\w+-\w+-\w+-\w+-\w+-\w+-\w+-\w+-\w+-\w+-\w+-\w+-\w+-\w+-\w+-\w+-\w+-\w+-\w+-\w+-\w+-\w+-\w+-\w+-\w+-\w+-\w+-\w+-\w+-\w+-\w+-\w+-\w+-\w+-\w+-\w+-\w+-\w+-\w+-\w+-\w+-\w+-\w+-\w+-\w+-\w+-\w+-\w+-\w+-\w+-\w+-\w+-\w+-\w+-\w+-\w+-\w+-\w+-\w+-\w+-\w+-\w+-\w+-\w+-\w+-\w+-\w+-\w+-\w+-\w+-\w+-\w+-\w+-\w+-\w+-\w+-\w+-\w+-\w+-\w+-\w+-\w+-\w+-\w+-\w+-\w+-\w+-\w+-\w+-\w+-\w+-\w+-\w+-\w+-\w+-\w+-\w+-\w+-\w+-\w+-\w+-\w+-\w+-\w+-\w+-\w+-\w+-\w+-\w+-\w+-\w+-\w+-\w+-\w+-\w+-\w+-\w+-\w+-\w+-\w+-\w+-\w+-\w+-\w+-\w+-\w+-\w+-\w+-\w+-\w+-\w+-\w+-\w+-\w+-\w+-\w+-\w+-\w+-\w+-\w+-\w+-\w+-\w+-\w+-\w+-\w+-\w+-\w+-\w+-\w+-\w+-\w+-\w+-\w+-\w+-\w+-\w+-\w+-\w+-\w+-\w+-\w+-\w+-\w+-\w+-\w+-\w+-\w+-\w+-\w+-\w+-\w+-\w+-\w+-\w+-\w+-\w+-\w+-\w+-\w+-\w+-\w+-\w+-\w+-\w+-\w+-\w+-\w+-\w+-\w+-\w+-\w+-\w+-\w+-\w+-\w+-\w+-\w+-\w+-\w+-\w+-\w+-\w+-\w+-\w+-\w+-\w+-\w+-\w+-\w+-\w+-\w+-\w+-\w+-\w+-\w+-\w+-\w+-\w+-\w+-\w+-\w+-\w+-\w+-\w+-\w+-\w+-\w+-\w+-\w+-\w+-\w+-\w+-\w+-\w+-\w+-\w+-\w+-\w+-\w+-\w+-\w+-\w+-\w+-\w+-\w+-\w+-\w+-\w+-\w+-\w+-\w+-\w+-\w+-\w+-\w+-\w+-\w+-\w+-\w+-\w+-\
43,2024-05-09 16:24:24.507    +08:00    [TRACE]    [CORE       ]    [0x1130]    [IOServer        ]    [(GLOBAL)        ]    [InitUnit()                                        ]    [plc_drv.cpp                   ]    [1063]    Unit 'Kepware.KEPServerEX.V6' Port PORT2_BOARD1 is Online
44,"(?<date>\d{4}-\d{2}-\d{2}) (?<time>\d{2}:\d{2}:\d{2},\d{3}) (?<level>\w+) \[(?<thread>\w+)\] (?<class>\w+\.\w+\.\w+\.\w+\.\w+) (?<message>.*)"
45,"(?<date>\d{2}/\d{2}/\d{2}) (?<time>\d{2}:\d{2}:\d{2}) (?<level>[A-Z]+) (?<logger>[^:]+): (?<message>.*?)(?=\s+INFO\s+spark\.SecurityManager: Changing modify acls to: yarn,curi)"
46,(?<LogString>\[counter_request::Run\] Delivered values for request 0x100000000000002 \(1 counters\)\.)
47,"(?<date>\d{1,2} \w{3} \d{2} \d{2}:\d{2}:\d{2}) (?<host>\w+) (?<service>\w+)\((?<pam_unix>\w+)\)\[(?<pid>\d+)\]: authentication failure; logname=(?<logname>\w+) uid=(?<uid>\d+) euid=(?<euid>\d+) tty=(?<tty>\w+) ssh ruser=(?<ruser>\w+) rhost=(?<rhost>\w+) user=(?<user>\w+)"
48,(?P<timestamp>\d{6} \d{6}) (?P<process_id>\d+) (?P<thread_id>\d+) (?P<log_level>[A-Z]+) (?P<logger>[^:]+): (?P<message>.*)
49,(?P<timestamp>\d{2} \d{2} \d{2}:\d{2}:\d{2}) (?P<hostname>\w+) (?P<process>\w+)\[(?P<pid>\d+)\]: (?P<message>.*)
50,(?<date>\w{3} \d{2} \d{2}:\d{2}:\d{2}) (?<host>\w+)(?<pid>\[\d+\]): (?<user>\w+) (?<service>\w+)\[(?<pid>\d+)\]: (?<action>session opened for user \w+ by \(uid=\d+\))
51,2024-05-09 16:24:24.286    +08:00    Protection: Using provider DLL C:\Program Files (x86)\AVEVA\Citect SCADA 2018 R2\Bin\SentinelProvider.dll
52,"(?<date>\d{1,2} \w{3} \d{2}) (?<time>\d{2}:\d{2}:\d{2}) (?<host>\w+) sshd\(pam_unix\)\[20898\]: authentication failure; logname=(?<logname>\w+) uid=(?<uid>\d+) euid=(?<euid>\d+) tty=(?<tty>\w+) ssh ruser=(?<ruser>\w+) rhost=(?<rhost>\d{1,3}-\d{1,3}-\d{1,3}-\d{1,3}\.\w+\.\w+\.\w+) user=(?<user>\w+)"
53,"(?P<timestamp>\d{4}-\d{2}-\d{2}\s+\d{2}:\d{2}:\d{2}\.\d{3})\s+(?P<timezone>\+\d{2}:\d{2})\s+(?P<function>TranWrite)\((?P<param1>\d+),\s*(?P<param2>\d+)\):\s*Name=(?P<name>[^,]+),\s*State\s*!=\s*(?P<state_name>[^,]+),\s*state=(?P<state_number>\d+)"
54,(?P<date>\d{2}\w{3} \d{2} \d{2}:\d{2}:\d{2}) (?P<hostname>\w+-\w+-\w+-\w+-\w+-\w+) (?P<log_entry>.*)
55,(?<LogString>\[counter_request::Run\] Delivered values for request 0x100000000000002 \(1 counters\)\.)
56,"(?P<timestamp>\d{4}-\d{2}-\d{2}\s\d{2}:\d{2}:\d{2},\d{3})\s+(?P<log_level>[A-Z]+)\s+\[(?P<thread_name>.*?)\]\s+(?P<class_name>.*?):\s+(?P<message>.*?)"
57,"(?<timestamp>\d{2}\.\d{2} \d{2}:\d{2}:\d{2})\s+(?<process_name>[^ ]+)\s+-\s+(?<url>[^:]+):(?<port>\d+)\s+(?<action>[a-zA-Z]+),\s+(?<sent_bytes>\d+)\s+bytes\s+sent,\s+(?<received_bytes>\d+)\s+bytes\s+received,\s+lifetime\s+(?<lifetime>[^<]+)<(?<duration>\d+)\s+sec>"
58,"(?<date>\d{1,2} \w{3} \d{2}) (?<time>\d{2}:\d{2}:\d{2}) (?<hostname>\w+-\w+-\w+-\w+-\w+-\w+-\w+-\w+-\w+-\w+-\w+-\w+-\w+-\w+-\w+-\w+-\w+-\w+-\w+-\w+-\w+-\w+-\w+-\w+-\w+-\w+-\w+-\w+-\w+-\w+-\w+-\w+-\w+-\w+-\w+-\w+-\w+-\w+-\w+-\w+-\w+-\w+-\w+-\w+-\w+-\w+-\w+-\w+-\w+-\w+-\w+-\w+-\w+-\w+-\w+-\w+-\w+-\w+-\w+-\w+-\w+-\w+-\w+-\w+-\w+-\w+-\w+-\w+-\w+-\w+-\w+-\w+-\w+-\w+-\w+-\w+-\w+-\w+-\w+-\w+-\w+-\w+-\w+-\w+-\w+-\w+-\w+-\w+-\w+-\w+-\w+-\w+-\w+-\w+-\w+-\w+-\w+-\w+-\w+-\w+-\w+-\w+-\w+-\w+-\w+-\w+-\w+-\w+-\w+-\w+-\w+-\w+-\w+-\w+-\w+-\w+-\w+-\w+-\w+-\w+-\w+-\w+-\w+-\w+-\w+-\w+-\w+-\w+-\w+-\w+-\w+-\w+-\w+-\w+-\w+-\w+-\w+-\w+-\w+-\w+-\w+-\w+-\w+-\w+-\w+-\w+-\w+-\w+-\w+-\w+-\w+-\w+-\w+-\w+-\w+-\w+-\w+-\w+-\w+-\w+-\w+-\w+-\w+-\w+-\w+-\w+-\w+-\w+-\w+-\w+-\w+-\w+-\w+-\w+-\w+-\w+-\w+-\w+-\w+-\w+-\w+-\w+-\w+-\w+-\w+-\w+-\w+-\w+-\w+-\w+-\w+-\w+-\w+-\w+-\w+-\w+-\w+-\w+-\w+-\w+-\w+-\w+-\w+-\w+-\w+-\w+-\w+-\w+-\w+-\w+-\w+-\w+-\w+-\w+-\w+-\w+-\w+-\w+-\w+-\w+-\w+-\w+-\w+-\w+-\w+-\w+-\w+-\w+-\w+-\w+-\w+-\w+-\w+-\w+-\w+-\w+-\w+-\w+-\w+-\w+-\w+-\w+-\w+-\w+-\w+-\w+-\w+-\w+-\w+-\w+-\w+-\w+-\w+-\w+-\w+-\w+-\w+-\w+-\w+-\w+-\w+-\w+-\w+-\w+-\w+-\w+-\w+-\w+-\w+-\w+-\w+-\w+-\w+-\w+-\w+-\w+-\w+-\w+-\w+-\w+-\w+-\w+-\w+-\w+-\w+-\w+-\w+-\w+-\w+-\w+-\w+-\w+-\w+-\w+-\w+-\w+-\w+-\w+-\w+-\w+-\w+-\w+-\w+-\w+-\w+-\w+-\w+-\w+-\w+-\w+-\w+-\w+-\w+-\w+-\w+-\w+-\w+-\w+-\w+-\w+-\w+-\w+-\w+-\w+-\w+-\w+-\w+-\w+-\w+-\w+-\w+-\w+-\w+-\w+-\w+-\w+-\w+-\w+-\w+-\w+-\w+-\w+-\w+-\w+-\w+-\w+-\w+-\w+-\w+-\w+-\w+-\w+-\w+-\w+-\w+-\w+-\w+-\w+-\w+-\w+-\w+-\w+-\w+-\w+-\w+-\w+-\w+-\w+-\w+-\w+-\w+-\w+-\w+-\w+-\w+-\w+-\w+-\w+-\w+-\w+-\w+-\w+-\w+-\w+-\w+-\w+-\w+-\w+-\w+-\w+-\w+-\w+-\w+-\w+-\w+-\w+-\w+-\w+-\w+-\w+-\w+-\w+-\w+-\w+-\w+-\w+-\w+-\w+-\w+-\w+-\w+-\w+-\w+-\w+-\w+-\w+-\w+-\w+-\w+-\w+-\w+-\w+-\w+-\w+-\w+-\w+-\w+-\w+-\w+-\w+-\w+-\w+-\w+-\w+-\w+-\w+-\w+-\w+-\w+-\w+-\w+-\w+-\w+-\w+-\w+-\w+-\w+-\w+-\w+-\w+-\w+-\w+-\w+-\w+-\w+-\w+-\w+-\w+-\w+-\w+-\w+-\w+-\w+-\w+-\w+-\w+-\w+-\w+-\w+-\w+-\w+-\w+-\w+-\w+-\w+-\w+-\w+-\w+-\w+-\w+-\w+-\w+-\w+-\w+-\w+-\w+-\w+-\w+-\w+-\w+-\w+-\w+-\w+-\w+-\w+-\w+-\w+-\w+-\w+-\w+-\w+-\w+-\w+-\w+-\w+-\w+-\w+-\w+-\w+-\w+-\w+-\w+-\w+-\w+-\w+-\w+-\w+-\w+-\w+-\w+-\w+-\w+-\w+-\w+-\w+-\w+-\w+-\w+-\w+-\w+-\w+-\w+-\w+-\w+-\w+-\w+-\w+-\w+-\w+-\w+-\w+-\w+-\w+-\w+-\w+-\w+-\w+-\w+-\w+-\w+-\w+-\w+-\w+-\w+-\w+-\w+-\w+-\w+-\w+-\w+-\w+-\w+-\w+-\w+-\w+-\w+-\w+-\w+-\w+-\w+-\w+-\w+-\w+-\w+-\w+-\w+-\w+-\w+-\w+-\w+-\w+-\w+-\w+-\w+-\w+-\w+-\w+-\w+-\w+-\w+-\w+-\w+-\w+-\w+-\w+-\w+-\w+-\w+-\w+-\w+-\w+-\w+-\w+-\w+-\w+-\w+-\w+-\w+-\w+-\w+-\w+-\w+-\w+-\w+-\w+-\w+-\w+-\w+-\w+-\w+-\w+-\w+-\w+-\w+-\w+-\w+-\w+-\w+-\w+-\w+-\w+-\w+-\w+-\w+-\w+-\w+-\w+-\w+-\w+-\w+-\w+-\w+-\w+-\w+-\w+-\w+-\w+-\w+-\w+-\w+-\w+-\w+-\w+-\w+-\w+-\w+-\w+-\w+-\w+-\w+-\w+-\w+-\w+-\w+-\w+-\w+-\w+-\w+-"
59,"(?<date>\d{2}/\d{2}/\d{2}) (?<time>\d{2}:\d{2}:\d{2}) (?<level>INFO) (?<class>spark\.SecurityManager): (?<message>Changing view acls to: yarn,curi)"
60,(?<date>\d{2}\/\d{2}\/\d{2})\s+(?<time>\d{2}:\d{2}:\d{2})\s+(?<log_level>\w+)\s+(?<class>[\w\.]+):\s+(?<message>.+?)
61,(?P<date>\d{2} \w{3} \d{2} \d{2}:\d{2}:\d{2}) (?P<hostname>\w+) (?P<process>\w+)\[(?P<pid>\d+)\]: (?P<message>.+)
62,(?P<timestamp>\d{6} \d{6}) (?P<thread_id>\d+) (?P<priority>\d+) (?P<log_level>[A-Z]+) (?P<logger>[^:]+): (?P<message>.*)
63,"(?P<date>\d{1,2} \w{3} \d{2}) (?P<time>\d{2}:\d{2}:\d{2}) (?P<host>\w+): (?P<process>\w+)\[(?P<pid>\d+)\]: (?P<message>.*)"
64,"(?P<timestamp>\d{2}\w{3} \d{2} \d{2}:\d{2}:\d{2}) (?P<hostname>\w+-\w+-\w+-\w+-\w+-\w+) (?P<log_level>\d+),(?P<log_time>\d{4}/\d{2}/\d{2} \d{2}:\d{2}:\d{2}),(?P<log_id>\d+),(?P<log_source>\w+),(?P<log_category>\w+),(?P<log_subcategory>\d+),(?P<log_message>.*)"
65,"(?<timestamp>\d{4}-\d{2}-\d{2}\s\d{2}:\d{2}:\d{2},\d{3})\s-\s(?<severity>[A-Z]+)\s\[(?<thread_name>[^:]+):(?<thread_id>\d+):(?<class_name>[^\]]+)\]\s-\s(?<message>.+)"
66,"(?P<timestamp>\d{4}-\d{2}-\d{2} \d{2}:\d{2}:\d{2}) (?P<time>\d{4}-\d{2}-\d{2} \d{2}:\d{2}:\d{2}\.\d{3}) (?P<pid>\d+) (?P<level>[A-Z]+) (?P<module>[a-zA-Z0-9._]+) \[(?P<request_id>[a-f0-9-]+) (?P<user_id>[a-f0-9-]+) (?P<project_id>[a-f0-9-]+) (?P<request_id>[a-f0-9-]+) (?P<user_id>[a-f0-9-]+) (?P<project_id>[a-f0-9-]+)\] (?P<ip>\d{1,3}\.\d{1,3}\.\d{1,3}\.\d{1,3}) ""(?P<method>[A-Z]+) (?P<url>[^""]+)"" status: (?P<status>\d+) len: (?P<len>\d+) time: (?P<time>\d+\.\d+)"
67,(?P<date>\d{2}\/\d{2}\/\d{2})\s+(?P<time>\d{2}:\d{2}:\d{2})\s+(?P<log_level>[A-Z]+)\s+(?P<source>[\w:]+)\s+(?P<message>.+?)
68,^<Event xmlns='http://schemas.microsoft.com/win/2004/08/events/event'><System><Provider Name='(?P<ProviderName>[^']+)'.*Guid='{(?P<ProviderGuid>[^}]*)}'/><EventID>(?P<EventID>\d+)</EventID><Version>(?P<Version>\d+)</Version><Level>(?P<Level>\d+)</Level><Task>(?P<Task>\d+)</Task><Opcode>(?P<Opcode>\d+)</Opcode><Keywords>(?P<Keywords>[^<]+)</Keywords><TimeCreated SystemTime='(?P<TimeCreated>[^']+)'/><EventRecordID>(?P<EventRecordID>\d+)</EventRecordID><Correlation ActivityID='{(?P<ActivityID>[^}]*)}'/><Execution ProcessID='(?P<ProcessID>\d+)' ThreadID='(?P<ThreadID>\d+)'/><Channel>(?P<Channel>[^<]+)</Channel><Computer>(?P<Computer>[^<]+)</Computer><Security UserID='(?P<UserID>[^']+)'/></System><EventData><Data Name='(?P<DataName>[^']+)'>\[(?P<DataValue>[^]]+)\]</Data></EventData></Event>$
69,(?<timestamp>\d{6} \d{6}) (?<pid>\d+) (?<level>\w+) (?<logger>[^:]+): (?<message>.*)
70,(?<date>\S+\s+\S+\s+\d+\s+\d+:\d+:\d+\s+\d+)\s+\[(?<level>\w+)\]\s+(?<message>.*)
71,"(?<date>\d{1,2} \w{3} \d{2}) (?<time>\d{2}:\d{2}:\d{2}) (?<host>\w+) (?<process>\w+)\[(?<pid>\d+)\]: (?<message>.*)"
72,"(?P<date>\d{1,2} \w{3} \d{2} \d{2}:\d{2}:\d{2}) (?P<hostname>\w+) (?P<service>\w+)\[(?P<pid>\d+)\]: (?P<message>.+)"
73,(?P<timestamp>\d+) (?P<node>\w+-\d+) (?P<type>\w+\.\w+) (?P<state>\w+) (?P<component>\w+) (?P<state_change>\w+) (?P<timestamp2>\d+) (?P<component_state_change>.*)
74,(?<timestamp>Feb 19 02:32:24) (?<hostname>myhost) (?<severity>ERROR) (?<event_id>Event 6512:) (?<message>Process terminated)
75,"(?<ip>\d{1,3}\.\d{1,3}\.\d{1,3}\.\d{1,3}) - - \[(?<date>\w{3} \d{2} \d{4}, \d{2}:\d{2}:\d{2})\] ""(?<method>\w+) (?<path>[^""]+) (?<protocol>\w+/\d+\.\d+)"" (?<status>\d+) (?<size>\d+) ""(?<referer>[^""]+)"" ""(?<user_agent>[^""]+)"""
76,(?<RuleName>-)(?<UtcTime>\d{4}-\d{2}-\d{2} \d{2}:\d{2}:\d{2}\.\d{3})(?<SourceProcessGUID>{[0-9A-Fa-f]{8}-[0-9A-Fa-f]{4}-[0-9A-Fa-f]{4}-[0-9A-Fa-f]{4}-[0-9A-Fa-f]{12}})(?<SourceProcessId>\d+)(?<SourceThreadId>\d+)(?<SourceImage>C:\Windows\\syste.*?\.exe)(?<TargetProcessGUID>{[0-9A-Fa-f]{8}-[0-9A-Fa-f]{4}-[0-9A-Fa-f]{4}-[0-9A-Fa-f]{4}-[0-9A-Fa-f]{12}})(?<TargetProcessId>\d+)(?<TargetImage>C:\Windows\\sysmon64\.exe)(?<GrantedAccess>0x[0-9A-Fa-f]+)(?<CallTrace>C:\Windows\\SYSTEM32\\ntdll\.dll\+a5ec4\|C:\Windows\\System32\\KERNELBASE\.dll\+5eab4\|c:\windows\\system32\\lsm\.dll\+e9d6\|c:\windows\\system32\\lsm\.dll\+d3ae\|C:\Windows\\System32\\RPCRT4\.dll\+78343\|C:\Windows\\System32\\RPCRT4\.dll\+dbc0d\|C:\Windows\\System32\\RPCRT4\.dll\+b3dc\|C:\Windows\\System32\\RPCRT4\.dll\+59dc4\|C:\Windows\\System32\\RPCRT4\.dll\+58cdd\|C:\Windows\\System32\\RPCRT4\.dll\+5958b\|C:\Windows\\System32\\RPCRT4\.dll\+3942c\|C:\Windows\\System32\\RPCRT4\.dll\+398ac\|C:\Windows\\System32\\RPCRT4\.dll\+53e9c\|C:\Windows\\System32\\RPCRT4\.dll\+556fb\|C:\Windows\\System32\\RPCRT4\.dll\+481da\|C:\Windows\\SYSTEM32\\ntdll\.dll\+286be\|C:\Windows\\SYSTEM32\\ntdll\.dll\+2a029\|C:\Windows\\System32\\KERNEL32\.DLL\+84d4\|C:\Windows\\SYSTEM32\\ntdll\.dll\+6e871)
77,(?<date>\d{2} \w{3} \d{2}) (?<time>\d{2}:\d{2}:\d{2}) (?<hostname>\w+) (?<process>\w+)\[(?<pid>\d+)\]: (?<message>.*)
78,"^(?<date>\d{4}-\d{2}-\d{2}) (?<time>\d{2}:\d{2}:\d{2},\d{3}) (?<level>[A-Z]+) \[(?<thread>[^]]+)\] (?<logger>[^]]+)\: (?<message>.*)$"
79,<Event\s+xmlns='http:\/\/schemas\.microsoft\.com\/win\/2004\/08\/events\/event'><System><Provider\s+Name='(?<ProviderName>.*?)'\s+Guid='(?<ProviderGuid>.*?)'\/><EventID>(?<EventID>.*?)<\/EventID><Version>(?<Version>.*?)<\/Version><Level>(?<Level>.*?)<\/Level><Task>(?<Task>.*?)<\/Task><Opcode>(?<Opcode>.*?)<\/Opcode><Keywords>(?<Keywords>.*?)<\/Keywords><TimeCreated\s+SystemTime='(?<SystemTime>.*?)'\/><EventRecordID>(?<EventRecordID>.*?)<\/EventRecordID><Correlation\s+ActivityID='(?<ActivityID>.*?)'\/><Execution\s+ProcessID='(?<ProcessID>.*?)'\s+ThreadID='(?<ThreadID>.*?)'\/><Channel>(?<Channel>.*?)<\/Channel><Computer>(?<Computer>.*?)<\/Computer><Security\s+UserID='(?<UserID>.*?)'\/><\/System><EventData><Data\s+Name='LogString'>(?<LogString>.*?)<\/Data><\/EventData><\/Event>
80,(?P<month>\S+)\s+(?P<day>\d+)\s+(?P<time>\d{2}:\d{2}:\d{2})\s+(?P<hostname>\S+)\s+(?P<service>\S+)\[(?P<pid>\d+)\]\:\s+reverse\s+mapping\s+checking\s+getaddrinfo\s+for\s+(?P<domain>[^\s\[]+)\s+\[(?P<ip>\d+\.\d+\.\d+\.\d+)\]\s+failed\s+-\s+(?P<message>.+)
81,(?<date>\d{2}/\d{2}/\d{4})\s+(?<time>\d{2}:\d{2}:\d{2}\.\d{3})\s+(?<source>WatsonReport):\s+(?<message>Registering\s+setup\s+log\s+files\s+with\s+watson)
82,(?<timestamp>\d{4}-\d{2}-\d{2}\s\d{2}:\d{2}:\d{2}\.\d{3})\s+(?<timezone>\+\d{2}:\d{2})\s+Alarm:\sClient\sloaded\s(?<rdb_name>.*?);\stime\s(?<load_time>\d{4}-\d{2}-\d{2}\s\d{2}:\d{2}:\d{2}\.)
83,"(?P<date>\d{1,2} \w{3} \d{2} \d{2}:\d{2}:\d{2}) (?P<hostname>\w+) (?P<service>\w+)\((?P<pam>\w+)\)\[(?P<pid>\d+)\]: (?P<message>authentication failure; logname=(?P<logname>\w+) uid=(?P<uid>\d+) euid=(?P<euid>\d+) tty=(?P<tty>\w+) ssh ruser=(?P<ruser>\w+) rhost=(?P<rhost>\d{1,3}\.\d{1,3}\.\d{1,3}\.\d{1,3}) user=(?P<user>\w+))"
84,(?<date>\d{2}/\d{2}/\d{2}) (?<time>\d{2}:\d{2}:\d{2}) (?<level>INFO|WARN|ERROR) (?<logger>[^:]+): (?<message>.*)
85,(?P<timestamp>\d{2}\.\d{2} \d{2}:\d{2}:\d{2}) (?P<process>\w+) - (?P<proxy_host>\w+:\d+) open through proxy (?P<proxy_host>\w+:\d+) (?P<protocol>\w+)
86,(?P<timestamp>\d{6} \d{6}) (?P<process_id>\d+) (?P<block_size>\d+) (?P<log_level>[A-Z]+) (?P<logger>[^ ]+) (?P<message>.*)
87,"(?P<timestamp>\d{6} \d{6}) (?P<process_id>\d+) (?P<priority>\d+) (?P<category>\w+) (?P<message>dfs.FSNamesystem: BLOCK\* NameSystem.addStoredBlock: blockMap updated: \d{1,3}\.\d{1,3}\.\d{1,3}\.\d{1,3}:\d{4} is added to blk_\d+ size \d+)"
88,(?P<timestamp>\d{4}-\d{2}-\d{2}T\d{2}:\d{2}:\d{2}\.\d{3}Z) (?P<server>\w+) (?P<service>\w+) \[(?P<level>\w+)\]: (?P<message>.+)
89,"(?P<Asset_IP>\d{1,3}\.\d{1,3}\.\d{1,3}\.\d{1,3}) (?P<Asset_Hostname>\w+) (?P<Dst_Asset_IP>\d{1,3}\.\d{1,3}\.\d{1,3}\.\d{1,3}) (?P<Dst_Asset_Hostname>\w+) (?P<Dst_Asset_MAC>\w{2}:\w{2}:\w{2}:\w{2}:\w{2}:\w{2}) (?P<Dst_Asset_Domain>\w+) (?P<Src_Asset_IP>\d{1,3}\.\d{1,3}\.\d{1,3}\.\d{1,3}) (?P<Src_Asset_Hostname>\w+) (?P<Src_Asset_MAC>\w{2}:\w{2}:\w{2}:\w{2}:\w{2}:\w{2}) (?P<Src_Asset_Domain>\w+) (?P<ID>\d+) (?P<Asset_Domain>\w+) (?P<Asset_ID>\d+) (?P<Asset_MAC>\w{2}:\w{2}:\w{2}:\w{2}:\w{2}:\w{2}) (?P<Detection_Quad>\w+) (?P<DetectorId>\w+-\w+-\w+-\w+-\w+) (?P<MatchedRuleId>\d+) (?P<OccurredAt>\d{4}-\d{2}-\d{2}T\d{2}:\d{2}:\d{2}Z) (?P<OriginalSeverity>\d+) (?P<Reviewed>\w+) (?P<Src_Asset_ID>\d+) (?P<Type>\w+)"
90,"(?P<ip>\d{1,3}\.\d{1,3}\.\d{1,3}\.\d{1,3}) - - \[(?P<date>\w{3} \d{2} \d{4}, \d{2}:\d{2}:\d{2})\] ""(?P<method>GET|POST|PUT|DELETE|HEAD|OPTIONS|TRACE|CONNECT) (?P<path>[^ ]+) (?P<protocol>HTTP/1\.\d)"" (?P<status>\d{3}) (?P<size>\d+) ""(?P<referer>[^""]+)"" ""(?P<user_agent>[^""]+)"""
91,"(?P<timestamp>\d{2}>\w{3} \d{2} \d{2}:\d{2}:\d{2}) (?P<source_ip>\d{1,3}\.\d{1,3}\.\d{1,3}\.\d{1,3}) (?P<cef_version>CEF:\d+\.\d+\.\d+\.\d+) (?P<device_vendor>Tenable) (?P<device_product>Tenable OT Security) (?P<device_version>3\.18\.58) (?P<signature_id>109) (?P<name>Unauthorized Conversation) (?P<severity>9) (?P<external_id>externalId=10025) (?P<cs6_label>cs6Label=policy_name) (?P<cs6>cs6= SMB communication from  DMZ server Detected) (?P<cf1_label>cf1Label=cluster_log_id) (?P<cf1>cf1=10024) (?P<duser>duser=920-WINSRV01-A) (?P<dpt>dpt=445) (?P<dst>dst=10\.92\.0\.10) (?P<suser>suser=920-TERMSRV01) (?P<src>src=10\.20\.100\.20) (?P<proto>proto=TCP) (?P<cat>cat=NetworkEvents)"
92,"(?P<ip>\d{1,3}\.\d{1,3}\.\d{1,3}\.\d{1,3}) - - \[(?P<date>\w{3} \d{2} \d{4}, \d{2}:\d{2}:\d{2})\] ""(?P<method>\w+) (?P<url>[^""]+) (?P<protocol>\w+/\d+\.\d+)"" (?P<status>\d+) (?P<size>\d+) ""(?P<referer>[^""]+)"" ""(?P<user_agent>[^""]+)"""
93,"(?P<date>\d{1,2} \w{3} \d{2}) (?P<time>\d{2}:\d{2}:\d{2}) (?P<host>\w+) (?P<service>\w+)\((?P<pam_unix>\w+)\)\[(?P<pid>\d+)\]: authentication failure; logname=(?P<logname>\w+) uid=(?P<uid>\d+) euid=(?P<euid>\d+) tty=(?P<tty>\w+) ssh ruser=(?P<ruser>\w+) rhost=(?P<rhost>\w+\.\w+\.\w+\.\w+) user=(?P<user>\w+)"
94,(?P<timestamp>\d{6}\s\d{6})\s(?P<process_id>\d+)\s(?P<thread_id>\d+)\s(?P<log_level>\w+)\s(?P<logger>\w+\.\w+)\s(?P<message>.*)
95,"(?<timestamp>\d{6}\s\d{6})\s(?<block_id>\w+)\s(?<src_ip>\d{1,3}\.\d{1,3}\.\d{1,3}\.\d{1,3})\s(?<dest_ip>\d{1,3}\.\d{1,3}\.\d{1,3}\.\d{1,3})\s(?<log_level>\w+)\s(?<class_name>\w+)\s(?<method_name>\w+)\s(?<message>\w+)"
96,"(?P<timestamp>\[09\.30 17:12:14\]) (?P<browser>chrome\.exe) - (?P<proxy>proxy\.cse\.cuhk\.edu\.hk):5070 close, (?P<sent_bytes>35850) bytes \((?P<sent_kb>35\.0) KB\) sent, (?P<received_bytes>13903) bytes \((?P<received_kb>13\.5) KB\) received, lifetime (?P<lifetime>04:12)"
97,"(?P<timestamp>\d{2}\.\d{2} \d{2}:\d{2}:\d{2}) (?P<process>\w+) - (?P<host>\w+\.\w+\.\w+\.\w+):(?P<port>\d+) (?P<action>\w+), (?P<sent_bytes>\d+) bytes \((?P<sent_kb>\d+\.\d+) KB\) sent, (?P<received_bytes>\d+) bytes \((?P<received_kb>\d+\.\d+) KB\) received, lifetime (?P<duration>\d{2}:\d{2}:\d{2})"
98,(?<LogString>\[SDP Base\]\s+SRUM\s+calling\s+FreeMemory\s+for\s+provider\s+data\s+type\s+3\s+into\s+provider\s+CPU\s+Provider\.)
99,"2015-10-18 18:01:53,838 INFO [AsyncDispatcher event handler] org.apache.hadoop.yarn.util.RackResolver: Resolved MSRA-SA-39.fareast.corp.microsoft.com to /default-rack"
100,"(?P<from_ip>\d{1,3}\.\d{1,3}\.\d{1,3}\.\d{1,3})\s+_to_ip=""(?P<to_ip>\d{1,3}\.\d{1,3}\.\d{1,3}\.\d{1,3})""\s+bpf_filter=""ip\s+host\s+(?P<from_ip>\d{1,3}\.\d{1,3}\.\d{1,3}\.\d{1,3})\s+and\s+ip\s+host\s+(?P<to_ip>\d{1,3}\.\d{1,3}\.\d{1,3}\.\d{1,3})\s+and\s+udp\s+port\s+(?P<from_port>\d+)\s+and\s+udp\s+port\s+(?P<to_port>\d+)""\s+direction_is_known=true\s+first_activity_time=""(?P<first_activity_time>\d+)""\s+from=""(?P<from_ip>\d{1,3}\.\d{1,3}\.\d{1,3}\.\d{1,3})""\s+from_port=""(?P<from_port>\d+)""\s+from_zone=""(?P<from_zone>\d+\.\d+\.\d+\.\d+/\d+)""\s+id=""(?P<id>\d+\.\d+\.\d+\.\d+\d+\.\d+\.\d+\w+)""\s+is_broadcast=false\s+is_from_public=false\s+is_to_public=true\s+key=""(?P<to_ip>\d{1,3}\.\d{1,3}\.\d{1,3}\.\d{1,3});(?P<to_port>\d+);(?P<from_ip>\d{1,3}\.\d{1,3}\.\d{1,3}\.\d{1,3});(?P<from_port>\d+);(?P<protocol>\w+);(?P<id>\d+)""\s+last_activity_time=""(?P<last_activity_time>\d+)""\s+protocol=""(?P<protocol>\w+)""\s+status=""(?P<status>\w+)""\s+throughput_speed=0\s+to=""(?P<to_ip>\d{1,3}\.\d{1,3}\.\d{1,3}\.\d{1,3})""\s+to_port=""(?P<to_port>\d+)""\s+to_zone=""(?P<to_zone>\w+)""\s+transferred\.avg_packet_bytes=(?P<transferred_avg_packet_bytes>\d+\.\d+)\s+transferred\.biggest_packet_bytes=""(?P<transferred_biggest_packet_bytes>\d+)""\s+transferred\.bytes=""(?P<transferred_bytes>\d+)""\s+transferred\.last_15m_bytes=""(?P<transferred_last_15m_bytes>\d+)""\s+transferred\.last_30m_bytes=""(?P<transferred_last_30m_bytes>\d+)""\s+transferred\.last_5m_bytes=""(?P<transferred_last_5m_bytes>\d+)""\s+transferred\.packets=""(?P<transferred_packets>\d+)""\s+transferred\.smallest_packet_bytes=""(?P<transferred_smallest_packet_bytes>\d+)""\s+transport_protocol=""(?P<transport_protocol>\w+)""\s+vlan_id=null"